image_path,RowSpacinge,WordSpacinge,FontSize,FontShape,FontInclination,id
/mnt/DataSets/pad/176-P18.png,稀疏,适中,小,方,右1,176
/mnt/DataSets/pad/280-P18.png,适中,适中,大,方,右1,280
/mnt/DataSets/pad/340-P17.png,稀疏,紧凑,小,方,右1,340
/mnt/DataSets/pad/179-P18.png,适中,紧凑,中,长,右1,179
/mnt/DataSets/pad/098-P19.png,紧凑,适中,中,方,右1,098
/mnt/DataSets/pad/136-P18.png,稀疏,稀疏,中,方,竖直,136
/mnt/DataSets/pad/014-P18.png,稀疏,紧凑,小,方,竖直,014
/mnt/DataSets/pad/128-P16.png,紧凑,适中,大,圆,右1,128
/mnt/DataSets/pad/265-P17.png,适中,适中,大,长,左2,265
/mnt/DataSets/pad/062-P19.png,适中,适中,小,方,右1,062
/mnt/DataSets/pad/321-P16.png,稀疏,紧凑,小,长,右2,321
/mnt/DataSets/pad/324-P16.png,稀疏,紧凑,中,不规则,竖直,324
/mnt/DataSets/pad/120-P17.png,稀疏,适中,小,圆,竖直,120
/mnt/DataSets/pad/154-P19.png,稀疏,紧凑,小,方,右1,154
/mnt/DataSets/pad/119-P19.png,紧凑,紧凑,中,圆,竖直,119
/mnt/DataSets/pad/177-P19.png,稀疏,稀疏,中,圆,左2,177
/mnt/DataSets/pad/388-P17.png,紧凑,紧凑,中,不规则,竖直,388
/mnt/DataSets/pad/297-P16.png,稀疏,适中,小,圆,左1,297
/mnt/DataSets/pad/346-P19.png,适中,紧凑,小,方,右1,346
/mnt/DataSets/pad/083-P18.png,稀疏,稀疏,小,长,右1,083
/mnt/DataSets/pad/026-P17.png,适中,紧凑,中,方,左1,026
/mnt/DataSets/pad/136-P17.png,稀疏,稀疏,中,方,竖直,136
/mnt/DataSets/pad/071-P16.png,稀疏,适中,中,方,左2,071
/mnt/DataSets/pad/074-P19.png,适中,适中,中,圆,左1,074
/mnt/DataSets/pad/358-P17.png,适中,紧凑,中,长,右1,358
/mnt/DataSets/pad/182-P19.png,适中,稀疏,中,方,竖直,182
/mnt/DataSets/pad/093-P19.png,紧凑,适中,小,方,右1,093
/mnt/DataSets/pad/365-P17.png,稀疏,稀疏,中,圆,右1,365
/mnt/DataSets/pad/235-P16.png,稀疏,紧凑,小,圆,左1,235
/mnt/DataSets/pad/050-P17.png,稀疏,稀疏,中,圆,左1,050
/mnt/DataSets/pad/206-P19.png,适中,稀疏,大,圆,右2,206
/mnt/DataSets/pad/258-P16.png,适中,紧凑,大,圆,竖直,258
/mnt/DataSets/pad/344-P18.png,适中,稀疏,大,圆,左1,344
/mnt/DataSets/pad/244-P16.png,稀疏,稀疏,中,圆,左1,244
/mnt/DataSets/pad/414-P19.png,适中,适中,中,方,右2,414
/mnt/DataSets/pad/109-P18.png,紧凑,适中,中,圆,左1,109
/mnt/DataSets/pad/407-P19.png,紧凑,紧凑,中,不规则,左1,407
/mnt/DataSets/pad/390-P19.png,稀疏,紧凑,中,圆,竖直,390
/mnt/DataSets/pad/267-P16.png,稀疏,紧凑,小,方,右1,267
/mnt/DataSets/pad/382-P19.png,适中,适中,中,方,右1,382
/mnt/DataSets/pad/410-P17.png,稀疏,适中,大,长,左1,410
/mnt/DataSets/pad/025-P17.png,适中,稀疏,中,方,左1,025
/mnt/DataSets/pad/102-P18.png,适中,适中,中,圆,竖直,102
/mnt/DataSets/pad/358-P19.png,适中,紧凑,中,长,右1,358
/mnt/DataSets/pad/344-P17.png,适中,稀疏,大,圆,左1,344
/mnt/DataSets/pad/361-P16.png,稀疏,紧凑,中,圆,右1,361
/mnt/DataSets/pad/068-P18.png,稀疏,稀疏,大,方,右2,068
/mnt/DataSets/pad/272-P16.png,稀疏,适中,中,圆,右1,272
/mnt/DataSets/pad/032-P16.png,稀疏,稀疏,大,圆,右1,032
/mnt/DataSets/pad/148-P18.png,适中,适中,中,长,右1,148
/mnt/DataSets/pad/180-P16.png,紧凑,稀疏,大,圆,右1,180
/mnt/DataSets/pad/257-P17.png,稀疏,紧凑,小,圆,右1,257
/mnt/DataSets/pad/009-P16.png,稀疏,紧凑,小,方,竖直,009
/mnt/DataSets/pad/046-P17.png,稀疏,稀疏,中,方,右1,046
/mnt/DataSets/pad/416-P17.png,稀疏,适中,小,不规则,右2,416
/mnt/DataSets/pad/200-P18.png,稀疏,适中,中,圆,左1,200
/mnt/DataSets/pad/016-P19.png,稀疏,稀疏,小,圆,竖直,016
/mnt/DataSets/pad/233-P18.png,稀疏,紧凑,小,方,右2,233
/mnt/DataSets/pad/062-P18.png,适中,适中,小,方,右1,062
/mnt/DataSets/pad/378-P19.png,稀疏,紧凑,小,方,竖直,378
/mnt/DataSets/pad/202-P17.png,适中,稀疏,大,圆,右2,202
/mnt/DataSets/pad/150-P18.png,适中,紧凑,小,长,竖直,150
/mnt/DataSets/pad/297-P18.png,稀疏,适中,小,圆,左1,297
/mnt/DataSets/pad/243-P18.png,适中,适中,中,圆,左1,243
/mnt/DataSets/pad/012-P17.png,适中,适中,大,圆,右1,012
/mnt/DataSets/pad/412-P19.png,紧凑,稀疏,中,不规则,右1,412
/mnt/DataSets/pad/375-P17.png,适中,适中,大,圆,竖直,375
/mnt/DataSets/pad/068-P17.png,稀疏,稀疏,大,方,右2,068
/mnt/DataSets/pad/070-P16.png,适中,紧凑,大,圆,竖直,070
/mnt/DataSets/pad/204-P19.png,适中,紧凑,中,圆,竖直,204
/mnt/DataSets/pad/080-P16.png,紧凑,紧凑,大,方,竖直,080
/mnt/DataSets/pad/368-P19.png,稀疏,紧凑,大,圆,左1,368
/mnt/DataSets/pad/294-P19.png,稀疏,紧凑,小,圆,左2,294
/mnt/DataSets/pad/102-P19.png,适中,适中,中,圆,竖直,102
/mnt/DataSets/pad/175-P19.png,紧凑,稀疏,中,圆,右2,175
/mnt/DataSets/pad/324-P19.png,稀疏,紧凑,中,不规则,竖直,324
/mnt/DataSets/pad/001-P16.png,稀疏,稀疏,小,圆,右1,001
/mnt/DataSets/pad/109-P17.png,紧凑,适中,中,圆,左1,109
/mnt/DataSets/pad/360-P16.png,适中,紧凑,大,长,竖直,360
/mnt/DataSets/pad/258-P19.png,适中,紧凑,大,圆,竖直,258
/mnt/DataSets/pad/278-P18.png,适中,适中,中,方,左1,278
/mnt/DataSets/pad/190-P18.png,适中,适中,小,长,右2,190
/mnt/DataSets/pad/115-P17.png,稀疏,紧凑,小,圆,右1,115
/mnt/DataSets/pad/416-P18.png,稀疏,适中,小,不规则,右2,416
/mnt/DataSets/pad/383-P17.png,适中,适中,中,方,右2,383
/mnt/DataSets/pad/293-P18.png,适中,紧凑,中,长,左1,293
/mnt/DataSets/pad/288-P19.png,稀疏,紧凑,小,长,右1,288
/mnt/DataSets/pad/228-P19.png,适中,适中,小,方,右1,228
/mnt/DataSets/pad/368-P16.png,稀疏,紧凑,大,圆,左1,368
/mnt/DataSets/pad/287-P16.png,适中,紧凑,大,不规则,竖直,287
/mnt/DataSets/pad/386-P16.png,紧凑,紧凑,中,圆,右1,386
/mnt/DataSets/pad/112-P18.png,稀疏,稀疏,中,圆,左2,112
/mnt/DataSets/pad/311-P18.png,稀疏,稀疏,小,方,右1,311
/mnt/DataSets/pad/386-P19.png,紧凑,紧凑,中,圆,右1,386
/mnt/DataSets/pad/417-P18.png,紧凑,紧凑,大,长,右2,417
/mnt/DataSets/pad/215-P19.png,稀疏,稀疏,小,方,右1,215
/mnt/DataSets/pad/122-P16.png,紧凑,紧凑,中,圆,竖直,122
/mnt/DataSets/pad/389-P17.png,适中,紧凑,中,不规则,右1,389
/mnt/DataSets/pad/263-P18.png,稀疏,稀疏,大,长,右1,263
/mnt/DataSets/pad/039-P18.png,稀疏,稀疏,大,圆,右2,039
/mnt/DataSets/pad/357-P19.png,稀疏,稀疏,小,长,右2,357
/mnt/DataSets/pad/343-P18.png,稀疏,紧凑,小,方,竖直,343
/mnt/DataSets/pad/416-P16.png,稀疏,适中,小,不规则,右2,416
/mnt/DataSets/pad/001-P18.png,稀疏,稀疏,小,圆,右1,001
/mnt/DataSets/pad/033-P16.png,稀疏,紧凑,小,方,竖直,033
/mnt/DataSets/pad/140-P19.png,紧凑,紧凑,大,圆,竖直,140
/mnt/DataSets/pad/066-P18.png,紧凑,适中,中,方,竖直,066
/mnt/DataSets/pad/264-P18.png,稀疏,适中,中,长,竖直,264
/mnt/DataSets/pad/183-P19.png,适中,适中,中,长,右1,183
/mnt/DataSets/pad/338-P19.png,适中,稀疏,中,方,右1,338
/mnt/DataSets/pad/376-P16.png,稀疏,紧凑,大,不规则,左2,376
/mnt/DataSets/pad/022-P16.png,稀疏,稀疏,大,方,右1,022
/mnt/DataSets/pad/335-P17.png,稀疏,紧凑,中,长,右2,335
/mnt/DataSets/pad/051-P18.png,稀疏,适中,大,方,右1,051
/mnt/DataSets/pad/305-P19.png,紧凑,适中,中,方,右2,305
/mnt/DataSets/pad/108-P19.png,稀疏,稀疏,小,方,右1,108
/mnt/DataSets/pad/126-P17.png,稀疏,适中,小,圆,竖直,126
/mnt/DataSets/pad/034-P19.png,适中,紧凑,中,方,左1,034
/mnt/DataSets/pad/188-P17.png,紧凑,稀疏,大,方,右2,188
/mnt/DataSets/pad/140-P17.png,紧凑,紧凑,大,圆,竖直,140
/mnt/DataSets/pad/171-P17.png,稀疏,稀疏,小,圆,右2,171
/mnt/DataSets/pad/129-P18.png,稀疏,适中,小,圆,右1,129
/mnt/DataSets/pad/230-P18.png,适中,适中,中,方,右1,230
/mnt/DataSets/pad/343-P19.png,稀疏,紧凑,小,方,竖直,343
/mnt/DataSets/pad/270-P17.png,稀疏,适中,小,圆,左2,270
/mnt/DataSets/pad/357-P16.png,稀疏,稀疏,小,长,右2,357
/mnt/DataSets/pad/127-P19.png,稀疏,适中,小,长,左1,127
/mnt/DataSets/pad/420-P19.png,稀疏,稀疏,中,不规则,右2,420
/mnt/DataSets/pad/380-P18.png,稀疏,适中,中,长,右1,380
/mnt/DataSets/pad/090-P18.png,稀疏,适中,小,圆,竖直,090
/mnt/DataSets/pad/397-P19.png,稀疏,稀疏,大,不规则,左2,397
/mnt/DataSets/pad/039-P17.png,稀疏,稀疏,大,圆,右2,039
/mnt/DataSets/pad/352-P18.png,紧凑,紧凑,大,不规则,右2,352
/mnt/DataSets/pad/275-P16.png,稀疏,稀疏,中,方,右1,275
/mnt/DataSets/pad/290-P16.png,稀疏,适中,小,方,竖直,290
/mnt/DataSets/pad/217-P18.png,稀疏,稀疏,大,圆,右2,217
/mnt/DataSets/pad/045-P18.png,稀疏,适中,小,方,竖直,045
/mnt/DataSets/pad/308-P18.png,稀疏,适中,大,长,左2,308
/mnt/DataSets/pad/391-P17.png,适中,稀疏,大,不规则,右1,391
/mnt/DataSets/pad/090-P19.png,稀疏,适中,小,圆,竖直,090
/mnt/DataSets/pad/019-P18.png,稀疏,紧凑,小,圆,竖直,019
/mnt/DataSets/pad/003-P16.png,稀疏,稀疏,小,方,竖直,003
/mnt/DataSets/pad/304-P19.png,紧凑,紧凑,大,长,左1,304
/mnt/DataSets/pad/085-P16.png,稀疏,紧凑,小,方,右1,085
/mnt/DataSets/pad/401-P19.png,适中,紧凑,中,不规则,竖直,401
/mnt/DataSets/pad/408-P19.png,适中,适中,中,方,左2,408
/mnt/DataSets/pad/018-P17.png,适中,紧凑,中,方,左1,018
/mnt/DataSets/pad/014-P19.png,稀疏,紧凑,小,方,竖直,014
/mnt/DataSets/pad/062-P16.png,适中,适中,小,方,右1,062
/mnt/DataSets/pad/181-P18.png,适中,稀疏,中,方,右1,181
/mnt/DataSets/pad/172-P16.png,适中,稀疏,大,方,右1,172
/mnt/DataSets/pad/160-P17.png,稀疏,紧凑,中,圆,左1,160
/mnt/DataSets/pad/236-P16.png,稀疏,适中,大,圆,右2,236
/mnt/DataSets/pad/142-P16.png,适中,适中,小,长,右1,142
/mnt/DataSets/pad/049-P18.png,稀疏,稀疏,中,方,左2,049
/mnt/DataSets/pad/276-P16.png,稀疏,稀疏,中,方,右1,276
/mnt/DataSets/pad/326-P16.png,稀疏,紧凑,小,不规则,右1,326
/mnt/DataSets/pad/299-P16.png,适中,稀疏,大,不规则,右2,299
/mnt/DataSets/pad/138-P18.png,稀疏,稀疏,小,圆,左1,138
/mnt/DataSets/pad/018-P18.png,适中,紧凑,中,方,左1,018
/mnt/DataSets/pad/385-P18.png,稀疏,紧凑,小,长,竖直,385
/mnt/DataSets/pad/316-P17.png,稀疏,适中,中,不规则,右2,316
/mnt/DataSets/pad/262-P17.png,稀疏,适中,大,圆,竖直,262
/mnt/DataSets/pad/332-P17.png,稀疏,紧凑,小,方,右1,332
/mnt/DataSets/pad/179-P16.png,适中,紧凑,中,长,右1,179
/mnt/DataSets/pad/355-P16.png,适中,适中,中,不规则,右1,355
/mnt/DataSets/pad/118-P16.png,适中,紧凑,小,方,右1,118
/mnt/DataSets/pad/190-P17.png,适中,适中,小,长,右2,190
/mnt/DataSets/pad/411-P18.png,稀疏,适中,中,不规则,竖直,411
/mnt/DataSets/pad/230-P19.png,适中,适中,中,方,右1,230
/mnt/DataSets/pad/253-P19.png,稀疏,适中,中,圆,右1,253
/mnt/DataSets/pad/259-P16.png,适中,紧凑,大,方,右1,259
/mnt/DataSets/pad/263-P17.png,稀疏,稀疏,大,长,右1,263
/mnt/DataSets/pad/253-P18.png,稀疏,适中,中,圆,右1,253
/mnt/DataSets/pad/317-P19.png,稀疏,稀疏,中,方,右1,317
/mnt/DataSets/pad/263-P19.png,稀疏,稀疏,大,长,右1,263
/mnt/DataSets/pad/184-P17.png,稀疏,稀疏,小,长,右2,184
/mnt/DataSets/pad/314-P19.png,紧凑,适中,中,长,竖直,314
/mnt/DataSets/pad/409-P19.png,适中,紧凑,中,不规则,竖直,409
/mnt/DataSets/pad/117-P16.png,稀疏,稀疏,中,长,右1,117
/mnt/DataSets/pad/398-P16.png,稀疏,稀疏,中,长,右1,398
/mnt/DataSets/pad/332-P19.png,稀疏,紧凑,小,方,右1,332
/mnt/DataSets/pad/095-P16.png,适中,紧凑,小,方,右1,095
/mnt/DataSets/pad/329-P19.png,适中,适中,中,圆,右1,329
/mnt/DataSets/pad/104-P19.png,适中,适中,小,方,右1,104
/mnt/DataSets/pad/188-P19.png,紧凑,稀疏,大,方,右2,188
/mnt/DataSets/pad/128-P19.png,紧凑,适中,大,圆,右1,128
/mnt/DataSets/pad/250-P19.png,适中,适中,大,方,左2,250
/mnt/DataSets/pad/268-P18.png,稀疏,稀疏,小,圆,竖直,268
/mnt/DataSets/pad/173-P19.png,稀疏,适中,大,长,左1,173
/mnt/DataSets/pad/319-P17.png,稀疏,紧凑,小,圆,竖直,319
/mnt/DataSets/pad/251-P17.png,稀疏,稀疏,大,方,左1,251
/mnt/DataSets/pad/029-P17.png,稀疏,适中,中,圆,竖直,029
/mnt/DataSets/pad/197-P18.png,稀疏,稀疏,小,长,左2,197
/mnt/DataSets/pad/186-P19.png,适中,适中,中,方,右2,186
/mnt/DataSets/pad/163-P17.png,紧凑,适中,中,方,左1,163
/mnt/DataSets/pad/113-P19.png,紧凑,适中,小,不规则,竖直,113
/mnt/DataSets/pad/145-P17.png,适中,稀疏,大,方,右2,145
/mnt/DataSets/pad/139-P18.png,稀疏,适中,中,长,右2,139
/mnt/DataSets/pad/315-P19.png,稀疏,稀疏,中,圆,右1,315
/mnt/DataSets/pad/038-P16.png,适中,紧凑,中,长,右1,038
/mnt/DataSets/pad/069-P16.png,稀疏,稀疏,大,长,右2,069
/mnt/DataSets/pad/025-P18.png,适中,稀疏,中,方,左1,025
/mnt/DataSets/pad/067-P18.png,适中,适中,中,方,左1,067
/mnt/DataSets/pad/310-P19.png,紧凑,紧凑,小,不规则,右1,310
/mnt/DataSets/pad/388-P19.png,紧凑,紧凑,中,不规则,竖直,388
/mnt/DataSets/pad/105-P17.png,稀疏,紧凑,小,长,左1,105
/mnt/DataSets/pad/333-P16.png,紧凑,紧凑,中,长,竖直,333
/mnt/DataSets/pad/247-P17.png,稀疏,适中,大,方,右1,247
/mnt/DataSets/pad/122-P18.png,紧凑,紧凑,中,圆,竖直,122
/mnt/DataSets/pad/227-P18.png,稀疏,稀疏,小,方,左2,227
/mnt/DataSets/pad/354-P17.png,适中,紧凑,中,圆,右2,354
/mnt/DataSets/pad/043-P19.png,紧凑,紧凑,大,圆,右1,043
/mnt/DataSets/pad/189-P19.png,稀疏,稀疏,中,长,竖直,189
/mnt/DataSets/pad/174-P19.png,适中,适中,大,方,右2,174
/mnt/DataSets/pad/017-P17.png,稀疏,稀疏,小,方,竖直,017
/mnt/DataSets/pad/164-P17.png,适中,紧凑,小,长,右2,164
/mnt/DataSets/pad/192-P16.png,适中,适中,中,方,左2,192
/mnt/DataSets/pad/082-P18.png,稀疏,适中,中,方,右1,082
/mnt/DataSets/pad/277-P17.png,适中,适中,中,不规则,右1,277
/mnt/DataSets/pad/413-P19.png,适中,适中,中,圆,左1,413
/mnt/DataSets/pad/221-P17.png,适中,适中,小,长,左1,221
/mnt/DataSets/pad/144-P18.png,紧凑,适中,大,方,竖直,144
/mnt/DataSets/pad/239-P19.png,紧凑,稀疏,小,方,竖直,239
/mnt/DataSets/pad/233-P19.png,稀疏,紧凑,小,方,右2,233
/mnt/DataSets/pad/168-P16.png,适中,稀疏,大,圆,竖直,168
/mnt/DataSets/pad/345-P16.png,适中,适中,中,长,右1,345
/mnt/DataSets/pad/130-P18.png,稀疏,紧凑,中,长,右1,130
/mnt/DataSets/pad/351-P16.png,稀疏,稀疏,小,方,竖直,351
/mnt/DataSets/pad/048-P19.png,适中,适中,大,方,右2,048
/mnt/DataSets/pad/315-P17.png,稀疏,稀疏,中,圆,右1,315
/mnt/DataSets/pad/296-P16.png,紧凑,适中,大,圆,左1,296
/mnt/DataSets/pad/127-P18.png,稀疏,适中,小,长,左1,127
/mnt/DataSets/pad/220-P17.png,稀疏,稀疏,中,圆,右1,220
/mnt/DataSets/pad/316-P19.png,稀疏,适中,中,不规则,右2,316
/mnt/DataSets/pad/246-P19.png,稀疏,稀疏,大,不规则,左1,246
/mnt/DataSets/pad/217-P19.png,稀疏,稀疏,大,圆,右2,217
/mnt/DataSets/pad/318-P16.png,稀疏,适中,大,圆,竖直,318
/mnt/DataSets/pad/313-P17.png,紧凑,紧凑,中,方,竖直,313
/mnt/DataSets/pad/089-P17.png,紧凑,适中,小,方,右1,089
/mnt/DataSets/pad/419-P19.png,稀疏,紧凑,中,长,右1,419
/mnt/DataSets/pad/322-P18.png,适中,适中,中,方,左1,322
/mnt/DataSets/pad/004-P18.png,稀疏,紧凑,中,方,右1,004
/mnt/DataSets/pad/376-P18.png,稀疏,紧凑,大,不规则,左2,376
/mnt/DataSets/pad/044-P16.png,稀疏,紧凑,中,方,竖直,044
/mnt/DataSets/pad/405-P18.png,适中,适中,小,方,左1,405
/mnt/DataSets/pad/121-P18.png,稀疏,稀疏,小,方,左1,121
/mnt/DataSets/pad/137-P17.png,适中,紧凑,大,圆,竖直,137
/mnt/DataSets/pad/402-P17.png,适中,适中,小,圆,竖直,402
/mnt/DataSets/pad/128-P17.png,紧凑,适中,大,圆,右1,128
/mnt/DataSets/pad/222-P18.png,稀疏,紧凑,中,圆,竖直,222
/mnt/DataSets/pad/249-P16.png,稀疏,稀疏,大,方,左2,249
/mnt/DataSets/pad/184-P19.png,稀疏,稀疏,小,长,右2,184
/mnt/DataSets/pad/033-P17.png,稀疏,紧凑,小,方,竖直,033
/mnt/DataSets/pad/412-P17.png,紧凑,稀疏,中,不规则,右1,412
/mnt/DataSets/pad/024-P18.png,稀疏,稀疏,小,方,右1,024
/mnt/DataSets/pad/170-P17.png,紧凑,紧凑,中,不规则,左1,170
/mnt/DataSets/pad/414-P18.png,适中,适中,中,方,右2,414
/mnt/DataSets/pad/372-P17.png,稀疏,适中,中,圆,右2,372
/mnt/DataSets/pad/373-P16.png,紧凑,紧凑,大,方,右1,373
/mnt/DataSets/pad/114-P16.png,紧凑,适中,中,圆,右2,114
/mnt/DataSets/pad/080-P19.png,紧凑,紧凑,大,方,竖直,080
/mnt/DataSets/pad/258-P18.png,适中,紧凑,大,圆,竖直,258
/mnt/DataSets/pad/350-P17.png,紧凑,紧凑,中,圆,竖直,350
/mnt/DataSets/pad/359-P16.png,适中,适中,大,方,左1,359
/mnt/DataSets/pad/237-P18.png,稀疏,紧凑,小,圆,左1,237
/mnt/DataSets/pad/352-P17.png,紧凑,紧凑,大,不规则,右2,352
/mnt/DataSets/pad/254-P17.png,稀疏,紧凑,小,圆,竖直,254
/mnt/DataSets/pad/309-P18.png,紧凑,适中,大,不规则,右1,309
/mnt/DataSets/pad/199-P16.png,适中,适中,中,方,右1,199
/mnt/DataSets/pad/397-P16.png,稀疏,稀疏,大,不规则,左2,397
/mnt/DataSets/pad/261-P19.png,稀疏,稀疏,中,圆,右1,261
/mnt/DataSets/pad/353-P19.png,稀疏,稀疏,大,圆,右1,353
/mnt/DataSets/pad/005-P16.png,紧凑,适中,小,方,右1,005
/mnt/DataSets/pad/350-P18.png,紧凑,紧凑,中,圆,竖直,350
/mnt/DataSets/pad/214-P16.png,紧凑,适中,中,圆,右1,214
/mnt/DataSets/pad/387-P18.png,适中,紧凑,中,不规则,竖直,387
/mnt/DataSets/pad/266-P19.png,适中,适中,大,不规则,右1,266
/mnt/DataSets/pad/055-P18.png,适中,适中,中,圆,左1,055
/mnt/DataSets/pad/254-P19.png,稀疏,紧凑,小,圆,竖直,254
/mnt/DataSets/pad/169-P18.png,紧凑,紧凑,中,不规则,右1,169
/mnt/DataSets/pad/103-P19.png,稀疏,稀疏,小,圆,右1,103
/mnt/DataSets/pad/168-P17.png,适中,稀疏,大,圆,竖直,168
/mnt/DataSets/pad/092-P16.png,适中,适中,小,长,右1,092
/mnt/DataSets/pad/346-P17.png,适中,紧凑,小,方,右1,346
/mnt/DataSets/pad/252-P19.png,适中,紧凑,小,圆,右1,252
/mnt/DataSets/pad/193-P16.png,稀疏,稀疏,中,圆,右2,193
/mnt/DataSets/pad/088-P17.png,稀疏,紧凑,中,长,右1,088
/mnt/DataSets/pad/159-P18.png,稀疏,稀疏,中,方,右1,159
/mnt/DataSets/pad/326-P17.png,稀疏,紧凑,小,不规则,右1,326
/mnt/DataSets/pad/083-P17.png,稀疏,稀疏,小,长,右1,083
/mnt/DataSets/pad/296-P17.png,紧凑,适中,大,圆,左1,296
/mnt/DataSets/pad/396-P19.png,稀疏,紧凑,小,不规则,左1,396
/mnt/DataSets/pad/042-P19.png,稀疏,适中,小,方,右1,042
/mnt/DataSets/pad/091-P16.png,稀疏,适中,中,方,右1,091
/mnt/DataSets/pad/417-P17.png,紧凑,紧凑,大,长,右2,417
/mnt/DataSets/pad/264-P17.png,稀疏,适中,中,长,竖直,264
/mnt/DataSets/pad/137-P18.png,适中,紧凑,大,圆,竖直,137
/mnt/DataSets/pad/133-P16.png,适中,稀疏,大,方,右1,133
/mnt/DataSets/pad/023-P16.png,稀疏,适中,小,圆,左1,023
/mnt/DataSets/pad/126-P18.png,稀疏,适中,小,圆,竖直,126
/mnt/DataSets/pad/030-P19.png,稀疏,适中,中,长,右1,030
/mnt/DataSets/pad/232-P16.png,紧凑,适中,大,圆,左2,232
/mnt/DataSets/pad/007-P18.png,稀疏,稀疏,中,方,右1,007
/mnt/DataSets/pad/376-P19.png,稀疏,紧凑,大,不规则,左2,376
/mnt/DataSets/pad/059-P17.png,稀疏,适中,小,圆,左2,059
/mnt/DataSets/pad/181-P19.png,适中,稀疏,中,方,右1,181
/mnt/DataSets/pad/372-P16.png,稀疏,适中,中,圆,右2,372
/mnt/DataSets/pad/314-P17.png,紧凑,适中,中,长,竖直,314
/mnt/DataSets/pad/232-P17.png,紧凑,适中,大,圆,左2,232
/mnt/DataSets/pad/225-P16.png,稀疏,适中,中,圆,竖直,225
/mnt/DataSets/pad/149-P17.png,稀疏,紧凑,小,长,左2,149
/mnt/DataSets/pad/152-P18.png,稀疏,稀疏,小,方,竖直,152
/mnt/DataSets/pad/194-P16.png,适中,适中,中,方,左2,194
/mnt/DataSets/pad/135-P17.png,稀疏,稀疏,小,方,竖直,135
/mnt/DataSets/pad/021-P16.png,适中,适中,中,圆,右1,021
/mnt/DataSets/pad/125-P16.png,稀疏,稀疏,小,长,右2,125
/mnt/DataSets/pad/300-P16.png,稀疏,紧凑,小,长,竖直,300
/mnt/DataSets/pad/254-P18.png,稀疏,紧凑,小,圆,竖直,254
/mnt/DataSets/pad/367-P18.png,稀疏,紧凑,中,不规则,左1,367
/mnt/DataSets/pad/271-P18.png,适中,适中,大,方,左1,271
/mnt/DataSets/pad/402-P16.png,适中,适中,小,圆,竖直,402
/mnt/DataSets/pad/064-P16.png,稀疏,紧凑,小,长,右1,064
/mnt/DataSets/pad/072-P19.png,紧凑,紧凑,小,圆,左1,072
/mnt/DataSets/pad/248-P18.png,稀疏,紧凑,小,长,竖直,248
/mnt/DataSets/pad/301-P18.png,紧凑,紧凑,中,圆,左1,301
/mnt/DataSets/pad/034-P18.png,适中,紧凑,中,方,左1,034
/mnt/DataSets/pad/320-P19.png,稀疏,适中,小,圆,右1,320
/mnt/DataSets/pad/140-P16.png,紧凑,紧凑,大,圆,竖直,140
/mnt/DataSets/pad/206-P16.png,适中,稀疏,大,圆,右2,206
/mnt/DataSets/pad/178-P17.png,适中,紧凑,中,长,右1,178
/mnt/DataSets/pad/085-P17.png,稀疏,紧凑,小,方,右1,085
/mnt/DataSets/pad/418-P16.png,稀疏,稀疏,小,方,右1,418
/mnt/DataSets/pad/010-P18.png,适中,稀疏,大,方,左2,010
/mnt/DataSets/pad/279-P19.png,适中,适中,中,长,竖直,279
/mnt/DataSets/pad/372-P18.png,稀疏,适中,中,圆,右2,372
/mnt/DataSets/pad/369-P17.png,适中,稀疏,中,圆,竖直,369
/mnt/DataSets/pad/074-P18.png,适中,适中,中,圆,左1,074
/mnt/DataSets/pad/197-P19.png,稀疏,稀疏,小,长,左2,197
/mnt/DataSets/pad/107-P16.png,稀疏,紧凑,小,方,右1,107
/mnt/DataSets/pad/420-P17.png,稀疏,稀疏,中,不规则,右2,420
/mnt/DataSets/pad/234-P18.png,稀疏,稀疏,中,方,右1,234
/mnt/DataSets/pad/363-P16.png,稀疏,紧凑,小,不规则,右1,363
/mnt/DataSets/pad/411-P17.png,稀疏,适中,中,不规则,竖直,411
/mnt/DataSets/pad/328-P17.png,适中,适中,大,圆,竖直,328
/mnt/DataSets/pad/037-P16.png,稀疏,稀疏,小,方,右1,037
/mnt/DataSets/pad/034-P16.png,适中,紧凑,中,方,左1,034
/mnt/DataSets/pad/208-P18.png,适中,紧凑,小,不规则,竖直,208
/mnt/DataSets/pad/100-P18.png,稀疏,紧凑,中,长,右1,100
/mnt/DataSets/pad/087-P19.png,适中,稀疏,中,方,右1,087
/mnt/DataSets/pad/004-P16.png,稀疏,紧凑,中,方,右1,004
/mnt/DataSets/pad/114-P17.png,紧凑,适中,中,圆,右2,114
/mnt/DataSets/pad/318-P17.png,稀疏,适中,大,圆,竖直,318
/mnt/DataSets/pad/042-P18.png,稀疏,适中,小,方,右1,042
/mnt/DataSets/pad/099-P16.png,稀疏,适中,小,圆,竖直,099
/mnt/DataSets/pad/272-P18.png,稀疏,适中,中,圆,右1,272
/mnt/DataSets/pad/321-P18.png,稀疏,紧凑,小,长,右2,321
/mnt/DataSets/pad/375-P19.png,适中,适中,大,圆,竖直,375
/mnt/DataSets/pad/078-P16.png,适中,紧凑,中,长,左1,078
/mnt/DataSets/pad/135-P19.png,稀疏,稀疏,小,方,竖直,135
/mnt/DataSets/pad/255-P18.png,适中,适中,小,圆,竖直,255
/mnt/DataSets/pad/007-P17.png,稀疏,稀疏,中,方,右1,007
/mnt/DataSets/pad/020-P19.png,适中,适中,大,方,左1,020
/mnt/DataSets/pad/084-P16.png,稀疏,稀疏,中,方,右1,084
/mnt/DataSets/pad/022-P18.png,稀疏,稀疏,大,方,右1,022
/mnt/DataSets/pad/245-P17.png,稀疏,适中,小,圆,左1,245
/mnt/DataSets/pad/176-P16.png,稀疏,适中,小,方,右1,176
/mnt/DataSets/pad/108-P17.png,稀疏,稀疏,小,方,右1,108
/mnt/DataSets/pad/001-P19.png,稀疏,稀疏,小,圆,右1,001
/mnt/DataSets/pad/311-P16.png,稀疏,稀疏,小,方,右1,311
/mnt/DataSets/pad/124-P16.png,适中,紧凑,大,不规则,右2,124
/mnt/DataSets/pad/096-P19.png,稀疏,适中,小,长,右2,096
/mnt/DataSets/pad/242-P16.png,稀疏,适中,小,圆,竖直,242
/mnt/DataSets/pad/196-P17.png,稀疏,适中,大,方,右1,196
/mnt/DataSets/pad/364-P16.png,稀疏,稀疏,大,圆,右1,364
/mnt/DataSets/pad/306-P17.png,稀疏,稀疏,中,圆,右1,306
/mnt/DataSets/pad/242-P17.png,稀疏,适中,小,圆,竖直,242
/mnt/DataSets/pad/221-P19.png,适中,适中,小,长,左1,221
/mnt/DataSets/pad/261-P16.png,稀疏,稀疏,中,圆,右1,261
/mnt/DataSets/pad/160-P18.png,稀疏,紧凑,中,圆,左1,160
/mnt/DataSets/pad/314-P16.png,紧凑,适中,中,长,竖直,314
/mnt/DataSets/pad/240-P17.png,适中,稀疏,大,圆,左1,240
/mnt/DataSets/pad/419-P17.png,稀疏,紧凑,中,长,右1,419
/mnt/DataSets/pad/202-P16.png,适中,稀疏,大,圆,右2,202
/mnt/DataSets/pad/203-P17.png,紧凑,稀疏,大,不规则,右1,203
/mnt/DataSets/pad/036-P19.png,稀疏,适中,小,方,右1,036
/mnt/DataSets/pad/129-P16.png,稀疏,适中,小,圆,右1,129
/mnt/DataSets/pad/344-P16.png,适中,稀疏,大,圆,左1,344
/mnt/DataSets/pad/146-P19.png,适中,适中,中,长,竖直,146
/mnt/DataSets/pad/336-P16.png,适中,适中,大,圆,右1,336
/mnt/DataSets/pad/250-P17.png,适中,适中,大,方,左2,250
/mnt/DataSets/pad/292-P16.png,稀疏,稀疏,小,方,右1,292
/mnt/DataSets/pad/354-P19.png,适中,紧凑,中,圆,右2,354
/mnt/DataSets/pad/027-P17.png,稀疏,稀疏,大,方,竖直,027
/mnt/DataSets/pad/165-P18.png,适中,紧凑,小,长,左1,165
/mnt/DataSets/pad/409-P18.png,适中,紧凑,中,不规则,竖直,409
/mnt/DataSets/pad/089-P19.png,紧凑,适中,小,方,右1,089
/mnt/DataSets/pad/052-P19.png,稀疏,紧凑,小,长,竖直,052
/mnt/DataSets/pad/274-P17.png,紧凑,紧凑,中,方,竖直,274
/mnt/DataSets/pad/251-P19.png,稀疏,稀疏,大,方,左1,251
/mnt/DataSets/pad/096-P16.png,稀疏,适中,小,长,右2,096
/mnt/DataSets/pad/289-P16.png,适中,稀疏,中,方,竖直,289
/mnt/DataSets/pad/398-P18.png,稀疏,稀疏,中,长,右1,398
/mnt/DataSets/pad/415-P16.png,适中,紧凑,小,不规则,竖直,415
/mnt/DataSets/pad/138-P19.png,稀疏,稀疏,小,圆,左1,138
/mnt/DataSets/pad/185-P19.png,紧凑,稀疏,大,圆,右1,185
/mnt/DataSets/pad/408-P17.png,适中,适中,中,方,左2,408
/mnt/DataSets/pad/147-P18.png,稀疏,稀疏,小,长,右2,147
/mnt/DataSets/pad/008-P16.png,适中,紧凑,小,方,竖直,008
/mnt/DataSets/pad/058-P18.png,紧凑,紧凑,中,方,竖直,058
/mnt/DataSets/pad/178-P16.png,适中,紧凑,中,长,右1,178
/mnt/DataSets/pad/338-P18.png,适中,稀疏,中,方,右1,338
/mnt/DataSets/pad/115-P19.png,稀疏,紧凑,小,圆,右1,115
/mnt/DataSets/pad/231-P16.png,适中,适中,大,长,右1,231
/mnt/DataSets/pad/208-P19.png,适中,紧凑,小,不规则,竖直,208
/mnt/DataSets/pad/242-P18.png,稀疏,适中,小,圆,竖直,242
/mnt/DataSets/pad/252-P16.png,适中,紧凑,小,圆,右1,252
/mnt/DataSets/pad/072-P18.png,紧凑,紧凑,小,圆,左1,072
/mnt/DataSets/pad/354-P18.png,适中,紧凑,中,圆,右2,354
/mnt/DataSets/pad/325-P19.png,稀疏,紧凑,中,长,左1,325
/mnt/DataSets/pad/203-P18.png,紧凑,稀疏,大,不规则,右1,203
/mnt/DataSets/pad/223-P16.png,稀疏,适中,小,长,右1,223
/mnt/DataSets/pad/334-P18.png,紧凑,紧凑,中,长,右1,334
/mnt/DataSets/pad/114-P19.png,紧凑,适中,中,圆,右2,114
/mnt/DataSets/pad/301-P17.png,紧凑,紧凑,中,圆,左1,301
/mnt/DataSets/pad/019-P19.png,稀疏,紧凑,小,圆,竖直,019
/mnt/DataSets/pad/220-P16.png,稀疏,稀疏,中,圆,右1,220
/mnt/DataSets/pad/054-P16.png,稀疏,适中,小,方,竖直,054
/mnt/DataSets/pad/030-P18.png,稀疏,适中,中,长,右1,030
/mnt/DataSets/pad/115-P16.png,稀疏,紧凑,小,圆,右1,115
/mnt/DataSets/pad/269-P19.png,适中,紧凑,大,不规则,左1,269
/mnt/DataSets/pad/150-P19.png,适中,紧凑,小,长,竖直,150
/mnt/DataSets/pad/179-P17.png,适中,紧凑,中,长,右1,179
/mnt/DataSets/pad/160-P16.png,稀疏,紧凑,中,圆,左1,160
/mnt/DataSets/pad/035-P16.png,稀疏,紧凑,小,方,竖直,035
/mnt/DataSets/pad/229-P18.png,适中,紧凑,中,不规则,竖直,229
/mnt/DataSets/pad/045-P17.png,稀疏,适中,小,方,竖直,045
/mnt/DataSets/pad/107-P19.png,稀疏,紧凑,小,方,右1,107
/mnt/DataSets/pad/059-P19.png,稀疏,适中,小,圆,左2,059
/mnt/DataSets/pad/378-P16.png,稀疏,紧凑,小,方,竖直,378
/mnt/DataSets/pad/214-P18.png,紧凑,适中,中,圆,右1,214
/mnt/DataSets/pad/398-P19.png,稀疏,稀疏,中,长,右1,398
/mnt/DataSets/pad/266-P18.png,适中,适中,大,不规则,右1,266
/mnt/DataSets/pad/098-P17.png,紧凑,适中,中,方,右1,098
/mnt/DataSets/pad/343-P16.png,稀疏,紧凑,小,方,竖直,343
/mnt/DataSets/pad/367-P16.png,稀疏,紧凑,中,不规则,左1,367
/mnt/DataSets/pad/354-P16.png,适中,紧凑,中,圆,右2,354
/mnt/DataSets/pad/326-P19.png,稀疏,紧凑,小,不规则,右1,326
/mnt/DataSets/pad/415-P19.png,适中,紧凑,小,不规则,竖直,415
/mnt/DataSets/pad/267-P17.png,稀疏,紧凑,小,方,右1,267
/mnt/DataSets/pad/257-P16.png,稀疏,紧凑,小,圆,右1,257
/mnt/DataSets/pad/363-P19.png,稀疏,紧凑,小,不规则,右1,363
/mnt/DataSets/pad/224-P18.png,稀疏,稀疏,小,不规则,左2,224
/mnt/DataSets/pad/239-P18.png,紧凑,稀疏,小,方,竖直,239
/mnt/DataSets/pad/043-P16.png,紧凑,紧凑,大,圆,右1,043
/mnt/DataSets/pad/077-P17.png,适中,紧凑,中,方,竖直,077
/mnt/DataSets/pad/237-P16.png,稀疏,紧凑,小,圆,左1,237
/mnt/DataSets/pad/315-P18.png,稀疏,稀疏,中,圆,右1,315
/mnt/DataSets/pad/064-P18.png,稀疏,紧凑,小,长,右1,064
/mnt/DataSets/pad/152-P16.png,稀疏,稀疏,小,方,竖直,152
/mnt/DataSets/pad/037-P19.png,稀疏,稀疏,小,方,右1,037
/mnt/DataSets/pad/215-P18.png,稀疏,稀疏,小,方,右1,215
/mnt/DataSets/pad/330-P18.png,适中,紧凑,中,长,右1,330
/mnt/DataSets/pad/070-P19.png,适中,紧凑,大,圆,竖直,070
/mnt/DataSets/pad/419-P16.png,稀疏,紧凑,中,长,右1,419
/mnt/DataSets/pad/185-P17.png,紧凑,稀疏,大,圆,右1,185
/mnt/DataSets/pad/250-P16.png,适中,适中,大,方,左2,250
/mnt/DataSets/pad/335-P18.png,稀疏,紧凑,中,长,右2,335
/mnt/DataSets/pad/076-P19.png,适中,紧凑,小,圆,右2,076
/mnt/DataSets/pad/131-P18.png,稀疏,适中,小,方,竖直,131
/mnt/DataSets/pad/143-P16.png,紧凑,适中,小,不规则,左1,143
/mnt/DataSets/pad/061-P19.png,适中,稀疏,小,方,右1,061
/mnt/DataSets/pad/402-P18.png,适中,适中,小,圆,竖直,402
/mnt/DataSets/pad/292-P19.png,稀疏,稀疏,小,方,右1,292
/mnt/DataSets/pad/234-P19.png,稀疏,稀疏,中,方,右1,234
/mnt/DataSets/pad/322-P19.png,适中,适中,中,方,左1,322
/mnt/DataSets/pad/011-P19.png,稀疏,紧凑,小,方,竖直,011
/mnt/DataSets/pad/318-P19.png,稀疏,适中,大,圆,竖直,318
/mnt/DataSets/pad/260-P16.png,适中,紧凑,大,不规则,右1,260
/mnt/DataSets/pad/036-P16.png,稀疏,适中,小,方,右1,036
/mnt/DataSets/pad/067-P17.png,适中,适中,中,方,左1,067
/mnt/DataSets/pad/274-P19.png,紧凑,紧凑,中,方,竖直,274
/mnt/DataSets/pad/384-P17.png,紧凑,紧凑,大,方,左1,384
/mnt/DataSets/pad/005-P18.png,紧凑,适中,小,方,右1,005
/mnt/DataSets/pad/298-P16.png,稀疏,稀疏,小,圆,左2,298
/mnt/DataSets/pad/200-P19.png,稀疏,适中,中,圆,左1,200
/mnt/DataSets/pad/198-P17.png,适中,稀疏,中,方,右1,198
/mnt/DataSets/pad/303-P17.png,稀疏,适中,小,圆,左1,303
/mnt/DataSets/pad/095-P17.png,适中,紧凑,小,方,右1,095
/mnt/DataSets/pad/173-P17.png,稀疏,适中,大,长,左1,173
/mnt/DataSets/pad/286-P19.png,紧凑,紧凑,中,长,右1,286
/mnt/DataSets/pad/240-P16.png,适中,稀疏,大,圆,左1,240
/mnt/DataSets/pad/117-P19.png,稀疏,稀疏,中,长,右1,117
/mnt/DataSets/pad/013-P19.png,稀疏,稀疏,中,方,右1,013
/mnt/DataSets/pad/382-P16.png,适中,适中,中,方,右1,382
/mnt/DataSets/pad/294-P18.png,稀疏,紧凑,小,圆,左2,294
/mnt/DataSets/pad/163-P19.png,紧凑,适中,中,方,左1,163
/mnt/DataSets/pad/046-P18.png,稀疏,稀疏,中,方,右1,046
/mnt/DataSets/pad/252-P17.png,适中,紧凑,小,圆,右1,252
/mnt/DataSets/pad/157-P17.png,稀疏,适中,小,方,右1,157
/mnt/DataSets/pad/416-P19.png,稀疏,适中,小,不规则,右2,416
/mnt/DataSets/pad/323-P18.png,适中,适中,大,圆,右1,323
/mnt/DataSets/pad/047-P16.png,稀疏,稀疏,中,方,右1,047
/mnt/DataSets/pad/319-P16.png,稀疏,紧凑,小,圆,竖直,319
/mnt/DataSets/pad/413-P18.png,适中,适中,中,圆,左1,413
/mnt/DataSets/pad/178-P19.png,适中,紧凑,中,长,右1,178
/mnt/DataSets/pad/116-P19.png,稀疏,适中,小,圆,竖直,116
/mnt/DataSets/pad/309-P16.png,紧凑,适中,大,不规则,右1,309
/mnt/DataSets/pad/123-P19.png,稀疏,适中,中,圆,竖直,123
/mnt/DataSets/pad/169-P19.png,紧凑,紧凑,中,不规则,右1,169
/mnt/DataSets/pad/066-P16.png,紧凑,适中,中,方,竖直,066
/mnt/DataSets/pad/320-P16.png,稀疏,适中,小,圆,右1,320
/mnt/DataSets/pad/066-P19.png,紧凑,适中,中,方,竖直,066
/mnt/DataSets/pad/028-P17.png,紧凑,紧凑,中,方,竖直,028
/mnt/DataSets/pad/113-P18.png,紧凑,适中,小,不规则,竖直,113
/mnt/DataSets/pad/295-P17.png,稀疏,适中,小,长,竖直,295
/mnt/DataSets/pad/329-P17.png,适中,适中,中,圆,右1,329
/mnt/DataSets/pad/323-P19.png,适中,适中,大,圆,右1,323
/mnt/DataSets/pad/368-P17.png,稀疏,紧凑,大,圆,左1,368
/mnt/DataSets/pad/394-P16.png,紧凑,紧凑,大,不规则,右2,394
/mnt/DataSets/pad/007-P16.png,稀疏,稀疏,中,方,右1,007
/mnt/DataSets/pad/092-P19.png,适中,适中,小,长,右1,092
/mnt/DataSets/pad/194-P18.png,适中,适中,中,方,左2,194
/mnt/DataSets/pad/363-P18.png,稀疏,紧凑,小,不规则,右1,363
/mnt/DataSets/pad/345-P19.png,适中,适中,中,长,右1,345
/mnt/DataSets/pad/096-P17.png,稀疏,适中,小,长,右2,096
/mnt/DataSets/pad/234-P16.png,稀疏,稀疏,中,方,右1,234
/mnt/DataSets/pad/031-P16.png,稀疏,紧凑,小,圆,右1,031
/mnt/DataSets/pad/381-P17.png,稀疏,紧凑,小,不规则,竖直,381
/mnt/DataSets/pad/136-P16.png,稀疏,稀疏,中,方,竖直,136
/mnt/DataSets/pad/352-P16.png,紧凑,紧凑,大,不规则,右2,352
/mnt/DataSets/pad/341-P16.png,适中,紧凑,中,不规则,左1,341
/mnt/DataSets/pad/034-P17.png,适中,紧凑,中,方,左1,034
/mnt/DataSets/pad/272-P19.png,稀疏,适中,中,圆,右1,272
/mnt/DataSets/pad/039-P16.png,稀疏,稀疏,大,圆,右2,039
/mnt/DataSets/pad/188-P16.png,紧凑,稀疏,大,方,右2,188
/mnt/DataSets/pad/123-P18.png,稀疏,适中,中,圆,竖直,123
/mnt/DataSets/pad/123-P16.png,稀疏,适中,中,圆,竖直,123
/mnt/DataSets/pad/219-P18.png,稀疏,稀疏,中,圆,左2,219
/mnt/DataSets/pad/370-P16.png,稀疏,稀疏,大,圆,竖直,370
/mnt/DataSets/pad/005-P19.png,紧凑,适中,小,方,右1,005
/mnt/DataSets/pad/100-P16.png,稀疏,紧凑,中,长,右1,100
/mnt/DataSets/pad/288-P16.png,稀疏,紧凑,小,长,右1,288
/mnt/DataSets/pad/196-P19.png,稀疏,适中,大,方,右1,196
/mnt/DataSets/pad/048-P16.png,适中,适中,大,方,右2,048
/mnt/DataSets/pad/006-P19.png,稀疏,稀疏,中,方,左1,006
/mnt/DataSets/pad/011-P16.png,稀疏,紧凑,小,方,竖直,011
/mnt/DataSets/pad/048-P18.png,适中,适中,大,方,右2,048
/mnt/DataSets/pad/247-P18.png,稀疏,适中,大,方,右1,247
/mnt/DataSets/pad/024-P19.png,稀疏,稀疏,小,方,右1,024
/mnt/DataSets/pad/413-P17.png,适中,适中,中,圆,左1,413
/mnt/DataSets/pad/269-P16.png,适中,紧凑,大,不规则,左1,269
/mnt/DataSets/pad/076-P18.png,适中,紧凑,小,圆,右2,076
/mnt/DataSets/pad/336-P17.png,适中,适中,大,圆,右1,336
/mnt/DataSets/pad/164-P16.png,适中,紧凑,小,长,右2,164
/mnt/DataSets/pad/373-P17.png,紧凑,紧凑,大,方,右1,373
/mnt/DataSets/pad/134-P17.png,紧凑,紧凑,小,圆,左1,134
/mnt/DataSets/pad/306-P19.png,稀疏,稀疏,中,圆,右1,306
/mnt/DataSets/pad/340-P19.png,稀疏,紧凑,小,方,右1,340
/mnt/DataSets/pad/041-P19.png,稀疏,稀疏,小,方,左1,041
/mnt/DataSets/pad/251-P16.png,稀疏,稀疏,大,方,左1,251
/mnt/DataSets/pad/153-P17.png,稀疏,适中,小,长,右2,153
/mnt/DataSets/pad/210-P19.png,适中,紧凑,中,圆,右1,210
/mnt/DataSets/pad/325-P17.png,稀疏,紧凑,中,长,左1,325
/mnt/DataSets/pad/415-P18.png,适中,紧凑,小,不规则,竖直,415
/mnt/DataSets/pad/403-P17.png,稀疏,稀疏,中,不规则,右2,403
/mnt/DataSets/pad/100-P17.png,稀疏,紧凑,中,长,右1,100
/mnt/DataSets/pad/080-P17.png,紧凑,紧凑,大,方,竖直,080
/mnt/DataSets/pad/026-P18.png,适中,紧凑,中,方,左1,026
/mnt/DataSets/pad/301-P16.png,紧凑,紧凑,中,圆,左1,301
/mnt/DataSets/pad/355-P18.png,适中,适中,中,不规则,右1,355
/mnt/DataSets/pad/092-P18.png,适中,适中,小,长,右1,092
/mnt/DataSets/pad/071-P17.png,稀疏,适中,中,方,左2,071
/mnt/DataSets/pad/289-P17.png,适中,稀疏,中,方,竖直,289
/mnt/DataSets/pad/053-P19.png,适中,适中,中,方,左1,053
/mnt/DataSets/pad/262-P19.png,稀疏,适中,大,圆,竖直,262
/mnt/DataSets/pad/187-P17.png,稀疏,稀疏,中,圆,右1,187
/mnt/DataSets/pad/010-P16.png,适中,稀疏,大,方,左2,010
/mnt/DataSets/pad/173-P18.png,稀疏,适中,大,长,左1,173
/mnt/DataSets/pad/022-P19.png,稀疏,稀疏,大,方,右1,022
/mnt/DataSets/pad/025-P16.png,适中,稀疏,中,方,左1,025
/mnt/DataSets/pad/166-P17.png,紧凑,紧凑,中,圆,左2,166
/mnt/DataSets/pad/322-P16.png,适中,适中,中,方,左1,322
/mnt/DataSets/pad/321-P19.png,稀疏,紧凑,小,长,右2,321
/mnt/DataSets/pad/112-P16.png,稀疏,稀疏,中,圆,左2,112
/mnt/DataSets/pad/003-P17.png,稀疏,稀疏,小,方,竖直,003
/mnt/DataSets/pad/225-P17.png,稀疏,适中,中,圆,竖直,225
/mnt/DataSets/pad/380-P17.png,稀疏,适中,中,长,右1,380
/mnt/DataSets/pad/040-P17.png,稀疏,适中,中,方,竖直,040
/mnt/DataSets/pad/414-P17.png,适中,适中,中,方,右2,414
/mnt/DataSets/pad/126-P19.png,稀疏,适中,小,圆,竖直,126
/mnt/DataSets/pad/037-P18.png,稀疏,稀疏,小,方,右1,037
/mnt/DataSets/pad/396-P18.png,稀疏,紧凑,小,不规则,左1,396
/mnt/DataSets/pad/081-P17.png,适中,适中,大,圆,左1,081
/mnt/DataSets/pad/040-P18.png,稀疏,适中,中,方,竖直,040
/mnt/DataSets/pad/256-P19.png,稀疏,适中,大,长,右2,256
/mnt/DataSets/pad/205-P18.png,紧凑,紧凑,中,圆,右1,205
/mnt/DataSets/pad/311-P17.png,稀疏,稀疏,小,方,右1,311
/mnt/DataSets/pad/048-P17.png,适中,适中,大,方,右2,048
/mnt/DataSets/pad/399-P19.png,稀疏,紧凑,大,不规则,右1,399
/mnt/DataSets/pad/119-P17.png,紧凑,紧凑,中,圆,竖直,119
/mnt/DataSets/pad/346-P16.png,适中,紧凑,小,方,右1,346
/mnt/DataSets/pad/285-P17.png,稀疏,稀疏,中,圆,右1,285
/mnt/DataSets/pad/393-P17.png,稀疏,稀疏,小,不规则,左1,393
/mnt/DataSets/pad/040-P19.png,稀疏,适中,中,方,竖直,040
/mnt/DataSets/pad/110-P17.png,适中,稀疏,中,方,竖直,110
/mnt/DataSets/pad/156-P17.png,稀疏,稀疏,中,方,竖直,156
/mnt/DataSets/pad/304-P17.png,紧凑,紧凑,大,长,左1,304
/mnt/DataSets/pad/353-P16.png,稀疏,稀疏,大,圆,右1,353
/mnt/DataSets/pad/278-P16.png,适中,适中,中,方,左1,278
/mnt/DataSets/pad/004-P19.png,稀疏,紧凑,中,方,右1,004
/mnt/DataSets/pad/105-P19.png,稀疏,紧凑,小,长,左1,105
/mnt/DataSets/pad/105-P16.png,稀疏,紧凑,小,长,左1,105
/mnt/DataSets/pad/057-P17.png,适中,适中,大,圆,右1,057
/mnt/DataSets/pad/347-P17.png,稀疏,适中,中,圆,竖直,347
/mnt/DataSets/pad/121-P19.png,稀疏,稀疏,小,方,左1,121
/mnt/DataSets/pad/065-P19.png,适中,紧凑,大,方,竖直,065
/mnt/DataSets/pad/290-P18.png,稀疏,适中,小,方,竖直,290
/mnt/DataSets/pad/088-P19.png,稀疏,紧凑,中,长,右1,088
/mnt/DataSets/pad/400-P18.png,适中,稀疏,小,方,右2,400
/mnt/DataSets/pad/141-P18.png,紧凑,紧凑,中,长,右1,141
/mnt/DataSets/pad/229-P16.png,适中,紧凑,中,不规则,竖直,229
/mnt/DataSets/pad/329-P16.png,适中,适中,中,圆,右1,329
/mnt/DataSets/pad/229-P19.png,适中,紧凑,中,不规则,竖直,229
/mnt/DataSets/pad/021-P18.png,适中,适中,中,圆,右1,021
/mnt/DataSets/pad/269-P18.png,适中,紧凑,大,不规则,左1,269
/mnt/DataSets/pad/305-P17.png,紧凑,适中,中,方,右2,305
/mnt/DataSets/pad/074-P16.png,适中,适中,中,圆,左1,074
/mnt/DataSets/pad/392-P18.png,稀疏,适中,中,圆,右1,392
/mnt/DataSets/pad/410-P18.png,稀疏,适中,大,长,左1,410
/mnt/DataSets/pad/104-P17.png,适中,适中,小,方,右1,104
/mnt/DataSets/pad/043-P17.png,紧凑,紧凑,大,圆,右1,043
/mnt/DataSets/pad/096-P18.png,稀疏,适中,小,长,右2,096
/mnt/DataSets/pad/361-P17.png,稀疏,紧凑,中,圆,右1,361
/mnt/DataSets/pad/079-P18.png,稀疏,适中,小,方,竖直,079
/mnt/DataSets/pad/051-P16.png,稀疏,适中,大,方,右1,051
/mnt/DataSets/pad/383-P16.png,适中,适中,中,方,右2,383
/mnt/DataSets/pad/262-P16.png,稀疏,适中,大,圆,竖直,262
/mnt/DataSets/pad/412-P18.png,紧凑,稀疏,中,不规则,右1,412
/mnt/DataSets/pad/120-P18.png,稀疏,适中,小,圆,竖直,120
/mnt/DataSets/pad/195-P18.png,适中,适中,中,长,右1,195
/mnt/DataSets/pad/359-P18.png,适中,适中,大,方,左1,359
/mnt/DataSets/pad/259-P19.png,适中,紧凑,大,方,右1,259
/mnt/DataSets/pad/337-P19.png,适中,适中,大,圆,竖直,337
/mnt/DataSets/pad/171-P18.png,稀疏,稀疏,小,圆,右2,171
/mnt/DataSets/pad/243-P17.png,适中,适中,中,圆,左1,243
/mnt/DataSets/pad/334-P17.png,紧凑,紧凑,中,长,右1,334
/mnt/DataSets/pad/023-P17.png,稀疏,适中,小,圆,左1,023
/mnt/DataSets/pad/106-P18.png,稀疏,适中,大,方,竖直,106
/mnt/DataSets/pad/317-P17.png,稀疏,稀疏,中,方,右1,317
/mnt/DataSets/pad/268-P17.png,稀疏,稀疏,小,圆,竖直,268
/mnt/DataSets/pad/409-P17.png,适中,紧凑,中,不规则,竖直,409
/mnt/DataSets/pad/357-P17.png,稀疏,稀疏,小,长,右2,357
/mnt/DataSets/pad/245-P19.png,稀疏,适中,小,圆,左1,245
/mnt/DataSets/pad/051-P19.png,稀疏,适中,大,方,右1,051
/mnt/DataSets/pad/401-P18.png,适中,紧凑,中,不规则,竖直,401
/mnt/DataSets/pad/393-P19.png,稀疏,稀疏,小,不规则,左1,393
/mnt/DataSets/pad/343-P17.png,稀疏,紧凑,小,方,竖直,343
/mnt/DataSets/pad/102-P16.png,适中,适中,中,圆,竖直,102
/mnt/DataSets/pad/395-P18.png,稀疏,适中,中,方,右2,395
/mnt/DataSets/pad/282-P16.png,稀疏,紧凑,中,圆,右1,282
/mnt/DataSets/pad/141-P19.png,紧凑,紧凑,中,长,右1,141
/mnt/DataSets/pad/302-P16.png,适中,紧凑,中,不规则,左2,302
/mnt/DataSets/pad/207-P19.png,适中,紧凑,中,长,右2,207
/mnt/DataSets/pad/169-P16.png,紧凑,紧凑,中,不规则,右1,169
/mnt/DataSets/pad/395-P19.png,稀疏,适中,中,方,右2,395
/mnt/DataSets/pad/035-P19.png,稀疏,紧凑,小,方,竖直,035
/mnt/DataSets/pad/381-P19.png,稀疏,紧凑,小,不规则,竖直,381
/mnt/DataSets/pad/290-P19.png,稀疏,适中,小,方,竖直,290
/mnt/DataSets/pad/373-P18.png,紧凑,紧凑,大,方,右1,373
/mnt/DataSets/pad/312-P16.png,稀疏,稀疏,中,方,左2,312
/mnt/DataSets/pad/227-P17.png,稀疏,稀疏,小,方,左2,227
/mnt/DataSets/pad/392-P16.png,稀疏,适中,中,圆,右1,392
/mnt/DataSets/pad/334-P16.png,紧凑,紧凑,中,长,右1,334
/mnt/DataSets/pad/146-P18.png,适中,适中,中,长,竖直,146
/mnt/DataSets/pad/366-P18.png,适中,适中,中,圆,左1,366
/mnt/DataSets/pad/143-P17.png,紧凑,适中,小,不规则,左1,143
/mnt/DataSets/pad/232-P18.png,紧凑,适中,大,圆,左2,232
/mnt/DataSets/pad/330-P19.png,适中,紧凑,中,长,右1,330
/mnt/DataSets/pad/015-P16.png,稀疏,稀疏,中,圆,竖直,015
/mnt/DataSets/pad/408-P18.png,适中,适中,中,方,左2,408
/mnt/DataSets/pad/141-P16.png,紧凑,紧凑,中,长,右1,141
/mnt/DataSets/pad/269-P17.png,适中,紧凑,大,不规则,左1,269
/mnt/DataSets/pad/035-P17.png,稀疏,紧凑,小,方,竖直,035
/mnt/DataSets/pad/407-P18.png,紧凑,紧凑,中,不规则,左1,407
/mnt/DataSets/pad/063-P18.png,稀疏,稀疏,中,方,右2,063
/mnt/DataSets/pad/279-P16.png,适中,适中,中,长,竖直,279
/mnt/DataSets/pad/009-P19.png,稀疏,紧凑,小,方,竖直,009
/mnt/DataSets/pad/293-P19.png,适中,紧凑,中,长,左1,293
/mnt/DataSets/pad/379-P17.png,稀疏,紧凑,大,方,右1,379
/mnt/DataSets/pad/158-P18.png,适中,紧凑,小,不规则,右1,158
/mnt/DataSets/pad/059-P16.png,稀疏,适中,小,圆,左2,059
/mnt/DataSets/pad/386-P18.png,紧凑,紧凑,中,圆,右1,386
/mnt/DataSets/pad/341-P19.png,适中,紧凑,中,不规则,左1,341
/mnt/DataSets/pad/394-P17.png,紧凑,紧凑,大,不规则,右2,394
/mnt/DataSets/pad/142-P18.png,适中,适中,小,长,右1,142
/mnt/DataSets/pad/020-P16.png,适中,适中,大,方,左1,020
/mnt/DataSets/pad/215-P17.png,稀疏,稀疏,小,方,右1,215
/mnt/DataSets/pad/245-P18.png,稀疏,适中,小,圆,左1,245
/mnt/DataSets/pad/139-P19.png,稀疏,适中,中,长,右2,139
/mnt/DataSets/pad/065-P17.png,适中,紧凑,大,方,竖直,065
/mnt/DataSets/pad/370-P19.png,稀疏,稀疏,大,圆,竖直,370
/mnt/DataSets/pad/273-P17.png,稀疏,紧凑,中,长,右1,273
/mnt/DataSets/pad/041-P18.png,稀疏,稀疏,小,方,左1,041
/mnt/DataSets/pad/240-P19.png,适中,稀疏,大,圆,左1,240
/mnt/DataSets/pad/312-P17.png,稀疏,稀疏,中,方,左2,312
/mnt/DataSets/pad/317-P16.png,稀疏,稀疏,中,方,右1,317
/mnt/DataSets/pad/307-P19.png,稀疏,紧凑,大,长,右1,307
/mnt/DataSets/pad/191-P17.png,适中,稀疏,中,长,右2,191
/mnt/DataSets/pad/190-P16.png,适中,适中,小,长,右2,190
/mnt/DataSets/pad/381-P16.png,稀疏,紧凑,小,不规则,竖直,381
/mnt/DataSets/pad/252-P18.png,适中,紧凑,小,圆,右1,252
/mnt/DataSets/pad/213-P18.png,适中,紧凑,大,圆,竖直,213
/mnt/DataSets/pad/165-P16.png,适中,紧凑,小,长,左1,165
/mnt/DataSets/pad/180-P19.png,紧凑,稀疏,大,圆,右1,180
/mnt/DataSets/pad/255-P16.png,适中,适中,小,圆,竖直,255
/mnt/DataSets/pad/050-P18.png,稀疏,稀疏,中,圆,左1,050
/mnt/DataSets/pad/364-P18.png,稀疏,稀疏,大,圆,右1,364
/mnt/DataSets/pad/219-P19.png,稀疏,稀疏,中,圆,左2,219
/mnt/DataSets/pad/270-P19.png,稀疏,适中,小,圆,左2,270
/mnt/DataSets/pad/187-P19.png,稀疏,稀疏,中,圆,右1,187
/mnt/DataSets/pad/159-P19.png,稀疏,稀疏,中,方,右1,159
/mnt/DataSets/pad/379-P18.png,稀疏,紧凑,大,方,右1,379
/mnt/DataSets/pad/276-P19.png,稀疏,稀疏,中,方,右1,276
/mnt/DataSets/pad/312-P19.png,稀疏,稀疏,中,方,左2,312
/mnt/DataSets/pad/060-P19.png,紧凑,适中,中,方,右2,060
/mnt/DataSets/pad/222-P17.png,稀疏,紧凑,中,圆,竖直,222
/mnt/DataSets/pad/411-P16.png,稀疏,适中,中,不规则,竖直,411
/mnt/DataSets/pad/338-P17.png,适中,稀疏,中,方,右1,338
/mnt/DataSets/pad/002-P18.png,稀疏,稀疏,小,方,右2,002
/mnt/DataSets/pad/123-P17.png,稀疏,适中,中,圆,竖直,123
/mnt/DataSets/pad/134-P18.png,紧凑,紧凑,小,圆,左1,134
/mnt/DataSets/pad/138-P17.png,稀疏,稀疏,小,圆,左1,138
/mnt/DataSets/pad/307-P17.png,稀疏,紧凑,大,长,右1,307
/mnt/DataSets/pad/162-P18.png,稀疏,适中,中,圆,右1,162
/mnt/DataSets/pad/320-P17.png,稀疏,适中,小,圆,右1,320
/mnt/DataSets/pad/275-P18.png,稀疏,稀疏,中,方,右1,275
/mnt/DataSets/pad/072-P17.png,紧凑,紧凑,小,圆,左1,072
/mnt/DataSets/pad/093-P16.png,紧凑,适中,小,方,右1,093
/mnt/DataSets/pad/390-P16.png,稀疏,紧凑,中,圆,竖直,390
/mnt/DataSets/pad/305-P18.png,紧凑,适中,中,方,右2,305
/mnt/DataSets/pad/078-P17.png,适中,紧凑,中,长,左1,078
/mnt/DataSets/pad/052-P16.png,稀疏,紧凑,小,长,竖直,052
/mnt/DataSets/pad/063-P16.png,稀疏,稀疏,中,方,右2,063
/mnt/DataSets/pad/241-P16.png,适中,适中,中,长,右1,241
/mnt/DataSets/pad/127-P17.png,稀疏,适中,小,长,左1,127
/mnt/DataSets/pad/287-P18.png,适中,紧凑,大,不规则,竖直,287
/mnt/DataSets/pad/401-P16.png,适中,紧凑,中,不规则,竖直,401
/mnt/DataSets/pad/382-P17.png,适中,适中,中,方,右1,382
/mnt/DataSets/pad/260-P17.png,适中,紧凑,大,不规则,右1,260
/mnt/DataSets/pad/235-P17.png,稀疏,紧凑,小,圆,左1,235
/mnt/DataSets/pad/369-P18.png,适中,稀疏,中,圆,竖直,369
/mnt/DataSets/pad/317-P18.png,稀疏,稀疏,中,方,右1,317
/mnt/DataSets/pad/177-P17.png,稀疏,稀疏,中,圆,左2,177
/mnt/DataSets/pad/095-P19.png,适中,紧凑,小,方,右1,095
/mnt/DataSets/pad/036-P17.png,稀疏,适中,小,方,右1,036
/mnt/DataSets/pad/094-P16.png,适中,稀疏,大,方,右1,094
/mnt/DataSets/pad/002-P19.png,稀疏,稀疏,小,方,右2,002
/mnt/DataSets/pad/041-P17.png,稀疏,稀疏,小,方,左1,041
/mnt/DataSets/pad/248-P17.png,稀疏,紧凑,小,长,竖直,248
/mnt/DataSets/pad/238-P18.png,稀疏,适中,小,不规则,左1,238
/mnt/DataSets/pad/065-P16.png,适中,紧凑,大,方,竖直,065
/mnt/DataSets/pad/179-P19.png,适中,紧凑,中,长,右1,179
/mnt/DataSets/pad/254-P16.png,稀疏,紧凑,小,圆,竖直,254
/mnt/DataSets/pad/257-P18.png,稀疏,紧凑,小,圆,右1,257
/mnt/DataSets/pad/406-P18.png,适中,适中,中,圆,右1,406
/mnt/DataSets/pad/307-P18.png,稀疏,紧凑,大,长,右1,307
/mnt/DataSets/pad/280-P19.png,适中,适中,大,方,右1,280
/mnt/DataSets/pad/283-P16.png,稀疏,稀疏,中,圆,左1,283
/mnt/DataSets/pad/233-P16.png,稀疏,紧凑,小,方,右2,233
/mnt/DataSets/pad/377-P18.png,稀疏,紧凑,小,长,竖直,377
/mnt/DataSets/pad/289-P19.png,适中,稀疏,中,方,竖直,289
/mnt/DataSets/pad/299-P18.png,适中,稀疏,大,不规则,右2,299
/mnt/DataSets/pad/272-P17.png,稀疏,适中,中,圆,右1,272
/mnt/DataSets/pad/239-P16.png,紧凑,稀疏,小,方,竖直,239
/mnt/DataSets/pad/213-P16.png,适中,紧凑,大,圆,竖直,213
/mnt/DataSets/pad/245-P16.png,稀疏,适中,小,圆,左1,245
/mnt/DataSets/pad/238-P16.png,稀疏,适中,小,不规则,左1,238
/mnt/DataSets/pad/008-P19.png,适中,紧凑,小,方,竖直,008
/mnt/DataSets/pad/075-P19.png,适中,稀疏,小,方,左1,075
/mnt/DataSets/pad/265-P19.png,适中,适中,大,长,左2,265
/mnt/DataSets/pad/169-P17.png,紧凑,紧凑,中,不规则,右1,169
/mnt/DataSets/pad/043-P18.png,紧凑,紧凑,大,圆,右1,043
/mnt/DataSets/pad/337-P17.png,适中,适中,大,圆,竖直,337
/mnt/DataSets/pad/316-P16.png,稀疏,适中,中,不规则,右2,316
/mnt/DataSets/pad/203-P16.png,紧凑,稀疏,大,不规则,右1,203
/mnt/DataSets/pad/194-P17.png,适中,适中,中,方,左2,194
/mnt/DataSets/pad/009-P18.png,稀疏,紧凑,小,方,竖直,009
/mnt/DataSets/pad/395-P16.png,稀疏,适中,中,方,右2,395
/mnt/DataSets/pad/251-P18.png,稀疏,稀疏,大,方,左1,251
/mnt/DataSets/pad/162-P16.png,稀疏,适中,中,圆,右1,162
/mnt/DataSets/pad/295-P18.png,稀疏,适中,小,长,竖直,295
/mnt/DataSets/pad/298-P17.png,稀疏,稀疏,小,圆,左2,298
/mnt/DataSets/pad/078-P18.png,适中,紧凑,中,长,左1,078
/mnt/DataSets/pad/023-P19.png,稀疏,适中,小,圆,左1,023
/mnt/DataSets/pad/378-P18.png,稀疏,紧凑,小,方,竖直,378
/mnt/DataSets/pad/028-P19.png,紧凑,紧凑,中,方,竖直,028
/mnt/DataSets/pad/178-P18.png,适中,紧凑,中,长,右1,178
/mnt/DataSets/pad/236-P19.png,稀疏,适中,大,圆,右2,236
/mnt/DataSets/pad/390-P18.png,稀疏,紧凑,中,圆,竖直,390
/mnt/DataSets/pad/356-P19.png,稀疏,紧凑,中,长,竖直,356
/mnt/DataSets/pad/202-P18.png,适中,稀疏,大,圆,右2,202
/mnt/DataSets/pad/167-P18.png,稀疏,紧凑,小,方,竖直,167
/mnt/DataSets/pad/067-P19.png,适中,适中,中,方,左1,067
/mnt/DataSets/pad/075-P16.png,适中,稀疏,小,方,左1,075
/mnt/DataSets/pad/310-P17.png,紧凑,紧凑,小,不规则,右1,310
/mnt/DataSets/pad/356-P16.png,稀疏,紧凑,中,长,竖直,356
/mnt/DataSets/pad/001-P17.png,稀疏,稀疏,小,圆,右1,001
/mnt/DataSets/pad/399-P16.png,稀疏,紧凑,大,不规则,右1,399
/mnt/DataSets/pad/050-P16.png,稀疏,稀疏,中,圆,左1,050
/mnt/DataSets/pad/165-P17.png,适中,紧凑,小,长,左1,165
/mnt/DataSets/pad/400-P17.png,适中,稀疏,小,方,右2,400
/mnt/DataSets/pad/356-P17.png,稀疏,紧凑,中,长,竖直,356
/mnt/DataSets/pad/183-P18.png,适中,适中,中,长,右1,183
/mnt/DataSets/pad/303-P19.png,稀疏,适中,小,圆,左1,303
/mnt/DataSets/pad/328-P16.png,适中,适中,大,圆,竖直,328
/mnt/DataSets/pad/268-P19.png,稀疏,稀疏,小,圆,竖直,268
/mnt/DataSets/pad/240-P18.png,适中,稀疏,大,圆,左1,240
/mnt/DataSets/pad/294-P17.png,稀疏,紧凑,小,圆,左2,294
/mnt/DataSets/pad/250-P18.png,适中,适中,大,方,左2,250
/mnt/DataSets/pad/286-P16.png,紧凑,紧凑,中,长,右1,286
/mnt/DataSets/pad/037-P17.png,稀疏,稀疏,小,方,右1,037
/mnt/DataSets/pad/143-P18.png,紧凑,适中,小,不规则,左1,143
/mnt/DataSets/pad/097-P18.png,适中,适中,小,方,竖直,097
/mnt/DataSets/pad/131-P17.png,稀疏,适中,小,方,竖直,131
/mnt/DataSets/pad/363-P17.png,稀疏,紧凑,小,不规则,右1,363
/mnt/DataSets/pad/324-P17.png,稀疏,紧凑,中,不规则,竖直,324
/mnt/DataSets/pad/129-P17.png,稀疏,适中,小,圆,右1,129
/mnt/DataSets/pad/052-P18.png,稀疏,紧凑,小,长,竖直,052
/mnt/DataSets/pad/182-P18.png,适中,稀疏,中,方,竖直,182
/mnt/DataSets/pad/045-P16.png,稀疏,适中,小,方,竖直,045
/mnt/DataSets/pad/259-P17.png,适中,紧凑,大,方,右1,259
/mnt/DataSets/pad/144-P16.png,紧凑,适中,大,方,竖直,144
/mnt/DataSets/pad/210-P16.png,适中,紧凑,中,圆,右1,210
/mnt/DataSets/pad/172-P19.png,适中,稀疏,大,方,右1,172
/mnt/DataSets/pad/079-P16.png,稀疏,适中,小,方,竖直,079
/mnt/DataSets/pad/112-P17.png,稀疏,稀疏,中,圆,左2,112
/mnt/DataSets/pad/016-P17.png,稀疏,稀疏,小,圆,竖直,016
/mnt/DataSets/pad/403-P18.png,稀疏,稀疏,中,不规则,右2,403
/mnt/DataSets/pad/073-P16.png,适中,紧凑,小,方,右1,073
/mnt/DataSets/pad/346-P18.png,适中,紧凑,小,方,右1,346
/mnt/DataSets/pad/066-P17.png,紧凑,适中,中,方,竖直,066
/mnt/DataSets/pad/331-P19.png,适中,稀疏,大,长,左1,331
/mnt/DataSets/pad/273-P16.png,稀疏,紧凑,中,长,右1,273
/mnt/DataSets/pad/270-P16.png,稀疏,适中,小,圆,左2,270
/mnt/DataSets/pad/282-P18.png,稀疏,紧凑,中,圆,右1,282
/mnt/DataSets/pad/383-P19.png,适中,适中,中,方,右2,383
/mnt/DataSets/pad/388-P18.png,紧凑,紧凑,中,不规则,竖直,388
/mnt/DataSets/pad/291-P16.png,稀疏,稀疏,小,圆,右1,291
/mnt/DataSets/pad/122-P17.png,紧凑,紧凑,中,圆,竖直,122
/mnt/DataSets/pad/116-P18.png,稀疏,适中,小,圆,竖直,116
/mnt/DataSets/pad/069-P17.png,稀疏,稀疏,大,长,右2,069
/mnt/DataSets/pad/281-P19.png,稀疏,适中,小,长,左1,281
/mnt/DataSets/pad/374-P16.png,稀疏,适中,中,长,右1,374
/mnt/DataSets/pad/098-P18.png,紧凑,适中,中,方,右1,098
/mnt/DataSets/pad/093-P18.png,紧凑,适中,小,方,右1,093
/mnt/DataSets/pad/355-P17.png,适中,适中,中,不规则,右1,355
/mnt/DataSets/pad/283-P19.png,稀疏,稀疏,中,圆,左1,283
/mnt/DataSets/pad/038-P18.png,适中,紧凑,中,长,右1,038
/mnt/DataSets/pad/082-P17.png,稀疏,适中,中,方,右1,082
/mnt/DataSets/pad/214-P19.png,紧凑,适中,中,圆,右1,214
/mnt/DataSets/pad/333-P17.png,紧凑,紧凑,中,长,竖直,333
/mnt/DataSets/pad/261-P17.png,稀疏,稀疏,中,圆,右1,261
/mnt/DataSets/pad/356-P18.png,稀疏,紧凑,中,长,竖直,356
/mnt/DataSets/pad/127-P16.png,稀疏,适中,小,长,左1,127
/mnt/DataSets/pad/157-P19.png,稀疏,适中,小,方,右1,157
/mnt/DataSets/pad/104-P18.png,适中,适中,小,方,右1,104
/mnt/DataSets/pad/035-P18.png,稀疏,紧凑,小,方,竖直,035
/mnt/DataSets/pad/373-P19.png,紧凑,紧凑,大,方,右1,373
/mnt/DataSets/pad/307-P16.png,稀疏,紧凑,大,长,右1,307
/mnt/DataSets/pad/283-P18.png,稀疏,稀疏,中,圆,左1,283
/mnt/DataSets/pad/255-P19.png,适中,适中,小,圆,竖直,255
/mnt/DataSets/pad/021-P19.png,适中,适中,中,圆,右1,021
/mnt/DataSets/pad/284-P17.png,适中,紧凑,中,圆,右2,284
/mnt/DataSets/pad/175-P16.png,紧凑,稀疏,中,圆,右2,175
/mnt/DataSets/pad/302-P18.png,适中,紧凑,中,不规则,左2,302
/mnt/DataSets/pad/304-P18.png,紧凑,紧凑,大,长,左1,304
/mnt/DataSets/pad/188-P18.png,紧凑,稀疏,大,方,右2,188
/mnt/DataSets/pad/364-P17.png,稀疏,稀疏,大,圆,右1,364
/mnt/DataSets/pad/013-P18.png,稀疏,稀疏,中,方,右1,013
/mnt/DataSets/pad/348-P19.png,适中,适中,大,圆,右2,348
/mnt/DataSets/pad/008-P18.png,适中,紧凑,小,方,竖直,008
/mnt/DataSets/pad/056-P17.png,适中,适中,中,方,右1,056
/mnt/DataSets/pad/186-P16.png,适中,适中,中,方,右2,186
/mnt/DataSets/pad/032-P19.png,稀疏,稀疏,大,圆,右1,032
/mnt/DataSets/pad/198-P16.png,适中,稀疏,中,方,右1,198
/mnt/DataSets/pad/410-P16.png,稀疏,适中,大,长,左1,410
/mnt/DataSets/pad/212-P17.png,适中,适中,中,方,右2,212
/mnt/DataSets/pad/016-P18.png,稀疏,稀疏,小,圆,竖直,016
/mnt/DataSets/pad/406-P17.png,适中,适中,中,圆,右1,406
/mnt/DataSets/pad/061-P16.png,适中,稀疏,小,方,右1,061
/mnt/DataSets/pad/297-P17.png,稀疏,适中,小,圆,左1,297
/mnt/DataSets/pad/124-P19.png,适中,紧凑,大,不规则,右2,124
/mnt/DataSets/pad/309-P17.png,紧凑,适中,大,不规则,右1,309
/mnt/DataSets/pad/195-P16.png,适中,适中,中,长,右1,195
/mnt/DataSets/pad/327-P19.png,稀疏,稀疏,大,方,右1,327
/mnt/DataSets/pad/164-P19.png,适中,紧凑,小,长,右2,164
/mnt/DataSets/pad/342-P18.png,紧凑,紧凑,中,不规则,右1,342
/mnt/DataSets/pad/151-P16.png,稀疏,紧凑,小,长,右1,151
/mnt/DataSets/pad/274-P18.png,紧凑,紧凑,中,方,竖直,274
/mnt/DataSets/pad/325-P18.png,稀疏,紧凑,中,长,左1,325
/mnt/DataSets/pad/394-P18.png,紧凑,紧凑,大,不规则,右2,394
/mnt/DataSets/pad/241-P18.png,适中,适中,中,长,右1,241
/mnt/DataSets/pad/138-P16.png,稀疏,稀疏,小,圆,左1,138
/mnt/DataSets/pad/101-P16.png,紧凑,适中,中,圆,右2,101
/mnt/DataSets/pad/042-P17.png,稀疏,适中,小,方,右1,042
/mnt/DataSets/pad/405-P19.png,适中,适中,小,方,左1,405
/mnt/DataSets/pad/084-P17.png,稀疏,稀疏,中,方,右1,084
/mnt/DataSets/pad/222-P19.png,稀疏,紧凑,中,圆,竖直,222
/mnt/DataSets/pad/268-P16.png,稀疏,稀疏,小,圆,竖直,268
/mnt/DataSets/pad/156-P18.png,稀疏,稀疏,中,方,竖直,156
/mnt/DataSets/pad/266-P16.png,适中,适中,大,不规则,右1,266
/mnt/DataSets/pad/374-P17.png,稀疏,适中,中,长,右1,374
/mnt/DataSets/pad/330-P17.png,适中,紧凑,中,长,右1,330
/mnt/DataSets/pad/253-P16.png,稀疏,适中,中,圆,右1,253
/mnt/DataSets/pad/349-P18.png,适中,适中,中,方,右1,349
/mnt/DataSets/pad/341-P17.png,适中,紧凑,中,不规则,左1,341
/mnt/DataSets/pad/283-P17.png,稀疏,稀疏,中,圆,左1,283
/mnt/DataSets/pad/110-P19.png,适中,稀疏,中,方,竖直,110
/mnt/DataSets/pad/152-P19.png,稀疏,稀疏,小,方,竖直,152
/mnt/DataSets/pad/111-P19.png,适中,稀疏,小,圆,竖直,111
/mnt/DataSets/pad/124-P17.png,适中,紧凑,大,不规则,右2,124
/mnt/DataSets/pad/249-P19.png,稀疏,稀疏,大,方,左2,249
/mnt/DataSets/pad/087-P18.png,适中,稀疏,中,方,右1,087
/mnt/DataSets/pad/143-P19.png,紧凑,适中,小,不规则,左1,143
/mnt/DataSets/pad/077-P19.png,适中,紧凑,中,方,竖直,077
/mnt/DataSets/pad/378-P17.png,稀疏,紧凑,小,方,竖直,378
/mnt/DataSets/pad/209-P16.png,适中,紧凑,小,圆,竖直,209
/mnt/DataSets/pad/391-P18.png,适中,稀疏,大,不规则,右1,391
/mnt/DataSets/pad/362-P17.png,紧凑,适中,小,方,右1,362
/mnt/DataSets/pad/027-P19.png,稀疏,稀疏,大,方,竖直,027
/mnt/DataSets/pad/119-P16.png,紧凑,紧凑,中,圆,竖直,119
/mnt/DataSets/pad/391-P16.png,适中,稀疏,大,不规则,右1,391
/mnt/DataSets/pad/329-P18.png,适中,适中,中,圆,右1,329
/mnt/DataSets/pad/142-P17.png,适中,适中,小,长,右1,142
/mnt/DataSets/pad/313-P16.png,紧凑,紧凑,中,方,竖直,313
/mnt/DataSets/pad/101-P18.png,紧凑,适中,中,圆,右2,101
/mnt/DataSets/pad/280-P16.png,适中,适中,大,方,右1,280
/mnt/DataSets/pad/388-P16.png,紧凑,紧凑,中,不规则,竖直,388
/mnt/DataSets/pad/131-P16.png,稀疏,适中,小,方,竖直,131
/mnt/DataSets/pad/054-P17.png,稀疏,适中,小,方,竖直,054
/mnt/DataSets/pad/186-P18.png,适中,适中,中,方,右2,186
/mnt/DataSets/pad/202-P19.png,适中,稀疏,大,圆,右2,202
/mnt/DataSets/pad/327-P18.png,稀疏,稀疏,大,方,右1,327
/mnt/DataSets/pad/199-P19.png,适中,适中,中,方,右1,199
/mnt/DataSets/pad/295-P19.png,稀疏,适中,小,长,竖直,295
/mnt/DataSets/pad/015-P17.png,稀疏,稀疏,中,圆,竖直,015
/mnt/DataSets/pad/041-P16.png,稀疏,稀疏,小,方,左1,041
/mnt/DataSets/pad/351-P18.png,稀疏,稀疏,小,方,竖直,351
/mnt/DataSets/pad/228-P18.png,适中,适中,小,方,右1,228
/mnt/DataSets/pad/125-P18.png,稀疏,稀疏,小,长,右2,125
/mnt/DataSets/pad/238-P17.png,稀疏,适中,小,不规则,左1,238
/mnt/DataSets/pad/115-P18.png,稀疏,紧凑,小,圆,右1,115
/mnt/DataSets/pad/011-P18.png,稀疏,紧凑,小,方,竖直,011
/mnt/DataSets/pad/234-P17.png,稀疏,稀疏,中,方,右1,234
/mnt/DataSets/pad/374-P19.png,稀疏,适中,中,长,右1,374
/mnt/DataSets/pad/076-P16.png,适中,紧凑,小,圆,右2,076
/mnt/DataSets/pad/201-P18.png,稀疏,适中,小,圆,右1,201
/mnt/DataSets/pad/176-P17.png,稀疏,适中,小,方,右1,176
/mnt/DataSets/pad/125-P17.png,稀疏,稀疏,小,长,右2,125
/mnt/DataSets/pad/197-P16.png,稀疏,稀疏,小,长,左2,197
/mnt/DataSets/pad/097-P17.png,适中,适中,小,方,竖直,097
/mnt/DataSets/pad/132-P17.png,稀疏,稀疏,小,长,右1,132
/mnt/DataSets/pad/189-P17.png,稀疏,稀疏,中,长,竖直,189
/mnt/DataSets/pad/271-P19.png,适中,适中,大,方,左1,271
/mnt/DataSets/pad/091-P17.png,稀疏,适中,中,方,右1,091
/mnt/DataSets/pad/133-P19.png,适中,稀疏,大,方,右1,133
/mnt/DataSets/pad/224-P16.png,稀疏,稀疏,小,不规则,左2,224
/mnt/DataSets/pad/289-P18.png,适中,稀疏,中,方,竖直,289
/mnt/DataSets/pad/334-P19.png,紧凑,紧凑,中,长,右1,334
/mnt/DataSets/pad/155-P17.png,稀疏,紧凑,中,方,右2,155
/mnt/DataSets/pad/003-P19.png,稀疏,稀疏,小,方,竖直,003
/mnt/DataSets/pad/158-P17.png,适中,紧凑,小,不规则,右1,158
/mnt/DataSets/pad/006-P16.png,稀疏,稀疏,中,方,左1,006
/mnt/DataSets/pad/310-P18.png,紧凑,紧凑,小,不规则,右1,310
/mnt/DataSets/pad/302-P19.png,适中,紧凑,中,不规则,左2,302
/mnt/DataSets/pad/121-P17.png,稀疏,稀疏,小,方,左1,121
/mnt/DataSets/pad/294-P16.png,稀疏,紧凑,小,圆,左2,294
/mnt/DataSets/pad/135-P18.png,稀疏,稀疏,小,方,竖直,135
/mnt/DataSets/pad/193-P19.png,稀疏,稀疏,中,圆,右2,193
/mnt/DataSets/pad/085-P18.png,稀疏,紧凑,小,方,右1,085
/mnt/DataSets/pad/377-P17.png,稀疏,紧凑,小,长,竖直,377
/mnt/DataSets/pad/047-P18.png,稀疏,稀疏,中,方,右1,047
/mnt/DataSets/pad/190-P19.png,适中,适中,小,长,右2,190
/mnt/DataSets/pad/031-P19.png,稀疏,紧凑,小,圆,右1,031
/mnt/DataSets/pad/021-P17.png,适中,适中,中,圆,右1,021
/mnt/DataSets/pad/049-P17.png,稀疏,稀疏,中,方,左2,049
/mnt/DataSets/pad/358-P16.png,适中,紧凑,中,长,右1,358
/mnt/DataSets/pad/166-P19.png,紧凑,紧凑,中,圆,左2,166
/mnt/DataSets/pad/164-P18.png,适中,紧凑,小,长,右2,164
/mnt/DataSets/pad/271-P16.png,适中,适中,大,方,左1,271
/mnt/DataSets/pad/298-P19.png,稀疏,稀疏,小,圆,左2,298
/mnt/DataSets/pad/068-P16.png,稀疏,稀疏,大,方,右2,068
/mnt/DataSets/pad/312-P18.png,稀疏,稀疏,中,方,左2,312
/mnt/DataSets/pad/081-P18.png,适中,适中,大,圆,左1,081
/mnt/DataSets/pad/119-P18.png,紧凑,紧凑,中,圆,竖直,119
/mnt/DataSets/pad/383-P18.png,适中,适中,中,方,右2,383
/mnt/DataSets/pad/165-P19.png,适中,紧凑,小,长,左1,165
/mnt/DataSets/pad/345-P17.png,适中,适中,中,长,右1,345
/mnt/DataSets/pad/226-P17.png,稀疏,稀疏,大,圆,右1,226
/mnt/DataSets/pad/218-P19.png,稀疏,适中,小,方,左2,218
/mnt/DataSets/pad/086-P18.png,稀疏,适中,大,圆,右1,086
/mnt/DataSets/pad/069-P18.png,稀疏,稀疏,大,长,右2,069
/mnt/DataSets/pad/106-P19.png,稀疏,适中,大,方,竖直,106
/mnt/DataSets/pad/340-P16.png,稀疏,紧凑,小,方,右1,340
/mnt/DataSets/pad/249-P17.png,稀疏,稀疏,大,方,左2,249
/mnt/DataSets/pad/008-P17.png,适中,紧凑,小,方,竖直,008
/mnt/DataSets/pad/156-P19.png,稀疏,稀疏,中,方,竖直,156
/mnt/DataSets/pad/259-P18.png,适中,紧凑,大,方,右1,259
/mnt/DataSets/pad/281-P17.png,稀疏,适中,小,长,左1,281
/mnt/DataSets/pad/044-P18.png,稀疏,紧凑,中,方,竖直,044
/mnt/DataSets/pad/101-P17.png,紧凑,适中,中,圆,右2,101
/mnt/DataSets/pad/120-P19.png,稀疏,适中,小,圆,竖直,120
/mnt/DataSets/pad/350-P16.png,紧凑,紧凑,中,圆,竖直,350
/mnt/DataSets/pad/413-P16.png,适中,适中,中,圆,左1,413
/mnt/DataSets/pad/206-P17.png,适中,稀疏,大,圆,右2,206
/mnt/DataSets/pad/385-P16.png,稀疏,紧凑,小,长,竖直,385
/mnt/DataSets/pad/044-P19.png,稀疏,紧凑,中,方,竖直,044
/mnt/DataSets/pad/060-P17.png,紧凑,适中,中,方,右2,060
/mnt/DataSets/pad/010-P17.png,适中,稀疏,大,方,左2,010
/mnt/DataSets/pad/248-P16.png,稀疏,紧凑,小,长,竖直,248
/mnt/DataSets/pad/227-P19.png,稀疏,稀疏,小,方,左2,227
/mnt/DataSets/pad/156-P16.png,稀疏,稀疏,中,方,竖直,156
/mnt/DataSets/pad/191-P19.png,适中,稀疏,中,长,右2,191
/mnt/DataSets/pad/262-P18.png,稀疏,适中,大,圆,竖直,262
/mnt/DataSets/pad/070-P18.png,适中,紧凑,大,圆,竖直,070
/mnt/DataSets/pad/130-P19.png,稀疏,紧凑,中,长,右1,130
/mnt/DataSets/pad/099-P19.png,稀疏,适中,小,圆,竖直,099
/mnt/DataSets/pad/139-P17.png,稀疏,适中,中,长,右2,139
/mnt/DataSets/pad/090-P16.png,稀疏,适中,小,圆,竖直,090
/mnt/DataSets/pad/342-P17.png,紧凑,紧凑,中,不规则,右1,342
/mnt/DataSets/pad/209-P18.png,适中,紧凑,小,圆,竖直,209
/mnt/DataSets/pad/300-P17.png,稀疏,紧凑,小,长,竖直,300
/mnt/DataSets/pad/333-P18.png,紧凑,紧凑,中,长,竖直,333
/mnt/DataSets/pad/219-P16.png,稀疏,稀疏,中,圆,左2,219
/mnt/DataSets/pad/351-P17.png,稀疏,稀疏,小,方,竖直,351
/mnt/DataSets/pad/405-P17.png,适中,适中,小,方,左1,405
/mnt/DataSets/pad/384-P16.png,紧凑,紧凑,大,方,左1,384
/mnt/DataSets/pad/199-P17.png,适中,适中,中,方,右1,199
/mnt/DataSets/pad/205-P16.png,紧凑,紧凑,中,圆,右1,205
/mnt/DataSets/pad/032-P18.png,稀疏,稀疏,大,圆,右1,032
/mnt/DataSets/pad/045-P19.png,稀疏,适中,小,方,竖直,045
/mnt/DataSets/pad/175-P17.png,紧凑,稀疏,中,圆,右2,175
/mnt/DataSets/pad/236-P17.png,稀疏,适中,大,圆,右2,236
/mnt/DataSets/pad/226-P16.png,稀疏,稀疏,大,圆,右1,226
/mnt/DataSets/pad/360-P19.png,适中,紧凑,大,长,竖直,360
/mnt/DataSets/pad/243-P16.png,适中,适中,中,圆,左1,243
/mnt/DataSets/pad/198-P19.png,适中,稀疏,中,方,右1,198
/mnt/DataSets/pad/133-P18.png,适中,稀疏,大,方,右1,133
/mnt/DataSets/pad/025-P19.png,适中,稀疏,中,方,左1,025
/mnt/DataSets/pad/402-P19.png,适中,适中,小,圆,竖直,402
/mnt/DataSets/pad/129-P19.png,稀疏,适中,小,圆,右1,129
/mnt/DataSets/pad/072-P16.png,紧凑,紧凑,小,圆,左1,072
/mnt/DataSets/pad/160-P19.png,稀疏,紧凑,中,圆,左1,160
/mnt/DataSets/pad/168-P18.png,适中,稀疏,大,圆,竖直,168
/mnt/DataSets/pad/058-P17.png,紧凑,紧凑,中,方,竖直,058
/mnt/DataSets/pad/082-P19.png,稀疏,适中,中,方,右1,082
/mnt/DataSets/pad/248-P19.png,稀疏,紧凑,小,长,竖直,248
/mnt/DataSets/pad/398-P17.png,稀疏,稀疏,中,长,右1,398
/mnt/DataSets/pad/231-P18.png,适中,适中,大,长,右1,231
/mnt/DataSets/pad/084-P19.png,稀疏,稀疏,中,方,右1,084
/mnt/DataSets/pad/292-P18.png,稀疏,稀疏,小,方,右1,292
/mnt/DataSets/pad/112-P19.png,稀疏,稀疏,中,圆,左2,112
/mnt/DataSets/pad/094-P17.png,适中,稀疏,大,方,右1,094
/mnt/DataSets/pad/333-P19.png,紧凑,紧凑,中,长,竖直,333
/mnt/DataSets/pad/200-P17.png,稀疏,适中,中,圆,左1,200
/mnt/DataSets/pad/135-P16.png,稀疏,稀疏,小,方,竖直,135
/mnt/DataSets/pad/330-P16.png,适中,紧凑,中,长,右1,330
/mnt/DataSets/pad/057-P19.png,适中,适中,大,圆,右1,057
/mnt/DataSets/pad/407-P17.png,紧凑,紧凑,中,不规则,左1,407
/mnt/DataSets/pad/124-P18.png,适中,紧凑,大,不规则,右2,124
/mnt/DataSets/pad/132-P16.png,稀疏,稀疏,小,长,右1,132
/mnt/DataSets/pad/088-P18.png,稀疏,紧凑,中,长,右1,088
/mnt/DataSets/pad/297-P19.png,稀疏,适中,小,圆,左1,297
/mnt/DataSets/pad/339-P17.png,适中,紧凑,中,长,左2,339
/mnt/DataSets/pad/038-P19.png,适中,紧凑,中,长,右1,038
/mnt/DataSets/pad/412-P16.png,紧凑,稀疏,中,不规则,右1,412
/mnt/DataSets/pad/102-P17.png,适中,适中,中,圆,竖直,102
/mnt/DataSets/pad/093-P17.png,紧凑,适中,小,方,右1,093
/mnt/DataSets/pad/230-P17.png,适中,适中,中,方,右1,230
/mnt/DataSets/pad/049-P16.png,稀疏,稀疏,中,方,左2,049
/mnt/DataSets/pad/341-P18.png,适中,紧凑,中,不规则,左1,341
/mnt/DataSets/pad/352-P19.png,紧凑,紧凑,大,不规则,右2,352
/mnt/DataSets/pad/377-P19.png,稀疏,紧凑,小,长,竖直,377
/mnt/DataSets/pad/337-P18.png,适中,适中,大,圆,竖直,337
/mnt/DataSets/pad/079-P19.png,稀疏,适中,小,方,竖直,079
/mnt/DataSets/pad/295-P16.png,稀疏,适中,小,长,竖直,295
/mnt/DataSets/pad/183-P16.png,适中,适中,中,长,右1,183
/mnt/DataSets/pad/139-P16.png,稀疏,适中,中,长,右2,139
/mnt/DataSets/pad/367-P19.png,稀疏,紧凑,中,不规则,左1,367
/mnt/DataSets/pad/407-P16.png,紧凑,紧凑,中,不规则,左1,407
/mnt/DataSets/pad/409-P16.png,适中,紧凑,中,不规则,竖直,409
/mnt/DataSets/pad/033-P19.png,稀疏,紧凑,小,方,竖直,033
/mnt/DataSets/pad/393-P16.png,稀疏,稀疏,小,不规则,左1,393
/mnt/DataSets/pad/180-P18.png,紧凑,稀疏,大,圆,右1,180
/mnt/DataSets/pad/275-P19.png,稀疏,稀疏,中,方,右1,275
/mnt/DataSets/pad/224-P17.png,稀疏,稀疏,小,不规则,左2,224
/mnt/DataSets/pad/089-P16.png,紧凑,适中,小,方,右1,089
/mnt/DataSets/pad/314-P18.png,紧凑,适中,中,长,竖直,314
/mnt/DataSets/pad/257-P19.png,稀疏,紧凑,小,圆,右1,257
/mnt/DataSets/pad/244-P18.png,稀疏,稀疏,中,圆,左1,244
/mnt/DataSets/pad/055-P19.png,适中,适中,中,圆,左1,055
/mnt/DataSets/pad/052-P17.png,稀疏,紧凑,小,长,竖直,052
/mnt/DataSets/pad/005-P17.png,紧凑,适中,小,方,右1,005
/mnt/DataSets/pad/108-P18.png,稀疏,稀疏,小,方,右1,108
/mnt/DataSets/pad/187-P16.png,稀疏,稀疏,中,圆,右1,187
/mnt/DataSets/pad/064-P17.png,稀疏,紧凑,小,长,右1,064
/mnt/DataSets/pad/375-P18.png,适中,适中,大,圆,竖直,375
/mnt/DataSets/pad/220-P18.png,稀疏,稀疏,中,圆,右1,220
/mnt/DataSets/pad/204-P18.png,适中,紧凑,中,圆,竖直,204
/mnt/DataSets/pad/370-P18.png,稀疏,稀疏,大,圆,竖直,370
/mnt/DataSets/pad/360-P18.png,适中,紧凑,大,长,竖直,360
/mnt/DataSets/pad/184-P18.png,稀疏,稀疏,小,长,右2,184
/mnt/DataSets/pad/171-P16.png,稀疏,稀疏,小,圆,右2,171
/mnt/DataSets/pad/170-P18.png,紧凑,紧凑,中,不规则,左1,170
/mnt/DataSets/pad/221-P18.png,适中,适中,小,长,左1,221
/mnt/DataSets/pad/365-P18.png,稀疏,稀疏,中,圆,右1,365
/mnt/DataSets/pad/365-P16.png,稀疏,稀疏,中,圆,右1,365
/mnt/DataSets/pad/057-P16.png,适中,适中,大,圆,右1,057
/mnt/DataSets/pad/220-P19.png,稀疏,稀疏,中,圆,右1,220
/mnt/DataSets/pad/315-P16.png,稀疏,稀疏,中,圆,右1,315
/mnt/DataSets/pad/103-P18.png,稀疏,稀疏,小,圆,右1,103
/mnt/DataSets/pad/223-P19.png,稀疏,适中,小,长,右1,223
/mnt/DataSets/pad/063-P19.png,稀疏,稀疏,中,方,右2,063
/mnt/DataSets/pad/182-P17.png,适中,稀疏,中,方,竖直,182
/mnt/DataSets/pad/031-P17.png,稀疏,紧凑,小,圆,右1,031
/mnt/DataSets/pad/303-P16.png,稀疏,适中,小,圆,左1,303
/mnt/DataSets/pad/183-P17.png,适中,适中,中,长,右1,183
/mnt/DataSets/pad/223-P18.png,稀疏,适中,小,长,右1,223
/mnt/DataSets/pad/342-P19.png,紧凑,紧凑,中,不规则,右1,342
/mnt/DataSets/pad/211-P18.png,稀疏,适中,小,圆,右1,211
/mnt/DataSets/pad/217-P16.png,稀疏,稀疏,大,圆,右2,217
/mnt/DataSets/pad/077-P16.png,适中,紧凑,中,方,竖直,077
/mnt/DataSets/pad/103-P17.png,稀疏,稀疏,小,圆,右1,103
/mnt/DataSets/pad/133-P17.png,适中,稀疏,大,方,右1,133
/mnt/DataSets/pad/399-P18.png,稀疏,紧凑,大,不规则,右1,399
/mnt/DataSets/pad/394-P19.png,紧凑,紧凑,大,不规则,右2,394
/mnt/DataSets/pad/137-P16.png,适中,紧凑,大,圆,竖直,137
/mnt/DataSets/pad/187-P18.png,稀疏,稀疏,中,圆,右1,187
/mnt/DataSets/pad/151-P19.png,稀疏,紧凑,小,长,右1,151
/mnt/DataSets/pad/024-P16.png,稀疏,稀疏,小,方,右1,024
/mnt/DataSets/pad/068-P19.png,稀疏,稀疏,大,方,右2,068
/mnt/DataSets/pad/344-P19.png,适中,稀疏,大,圆,左1,344
/mnt/DataSets/pad/167-P16.png,稀疏,紧凑,小,方,竖直,167
/mnt/DataSets/pad/174-P17.png,适中,适中,大,方,右2,174
/mnt/DataSets/pad/036-P18.png,稀疏,适中,小,方,右1,036
/mnt/DataSets/pad/368-P18.png,稀疏,紧凑,大,圆,左1,368
/mnt/DataSets/pad/281-P18.png,稀疏,适中,小,长,左1,281
/mnt/DataSets/pad/321-P17.png,稀疏,紧凑,小,长,右2,321
/mnt/DataSets/pad/074-P17.png,适中,适中,中,圆,左1,074
/mnt/DataSets/pad/358-P18.png,适中,紧凑,中,长,右1,358
/mnt/DataSets/pad/155-P19.png,稀疏,紧凑,中,方,右2,155
/mnt/DataSets/pad/168-P19.png,适中,稀疏,大,圆,竖直,168
/mnt/DataSets/pad/195-P19.png,适中,适中,中,长,右1,195
/mnt/DataSets/pad/111-P18.png,适中,稀疏,小,圆,竖直,111
/mnt/DataSets/pad/029-P19.png,稀疏,适中,中,圆,竖直,029
/mnt/DataSets/pad/003-P18.png,稀疏,稀疏,小,方,竖直,003
/mnt/DataSets/pad/226-P18.png,稀疏,稀疏,大,圆,右1,226
/mnt/DataSets/pad/011-P17.png,稀疏,紧凑,小,方,竖直,011
/mnt/DataSets/pad/213-P17.png,适中,紧凑,大,圆,竖直,213
/mnt/DataSets/pad/387-P17.png,适中,紧凑,中,不规则,竖直,387
/mnt/DataSets/pad/215-P16.png,稀疏,稀疏,小,方,右1,215
/mnt/DataSets/pad/403-P16.png,稀疏,稀疏,中,不规则,右2,403
/mnt/DataSets/pad/012-P19.png,适中,适中,大,圆,右1,012
/mnt/DataSets/pad/375-P16.png,适中,适中,大,圆,竖直,375
/mnt/DataSets/pad/146-P16.png,适中,适中,中,长,竖直,146
/mnt/DataSets/pad/121-P16.png,稀疏,稀疏,小,方,左1,121
/mnt/DataSets/pad/216-P19.png,紧凑,紧凑,大,方,竖直,216
/mnt/DataSets/pad/331-P18.png,适中,稀疏,大,长,左1,331
/mnt/DataSets/pad/145-P19.png,适中,稀疏,大,方,右2,145
/mnt/DataSets/pad/058-P16.png,紧凑,紧凑,中,方,竖直,058
/mnt/DataSets/pad/159-P16.png,稀疏,稀疏,中,方,右1,159
/mnt/DataSets/pad/166-P18.png,紧凑,紧凑,中,圆,左2,166
/mnt/DataSets/pad/015-P19.png,稀疏,稀疏,中,圆,竖直,015
/mnt/DataSets/pad/155-P18.png,稀疏,紧凑,中,方,右2,155
/mnt/DataSets/pad/284-P19.png,适中,紧凑,中,圆,右2,284
/mnt/DataSets/pad/309-P19.png,紧凑,适中,大,不规则,右1,309
/mnt/DataSets/pad/374-P18.png,稀疏,适中,中,长,右1,374
/mnt/DataSets/pad/086-P19.png,稀疏,适中,大,圆,右1,086
/mnt/DataSets/pad/263-P16.png,稀疏,稀疏,大,长,右1,263
/mnt/DataSets/pad/233-P17.png,稀疏,紧凑,小,方,右2,233
/mnt/DataSets/pad/280-P17.png,适中,适中,大,方,右1,280
/mnt/DataSets/pad/060-P16.png,紧凑,适中,中,方,右2,060
/mnt/DataSets/pad/122-P19.png,紧凑,紧凑,中,圆,竖直,122
/mnt/DataSets/pad/056-P16.png,适中,适中,中,方,右1,056
/mnt/DataSets/pad/336-P18.png,适中,适中,大,圆,右1,336
/mnt/DataSets/pad/264-P19.png,稀疏,适中,中,长,竖直,264
/mnt/DataSets/pad/148-P19.png,适中,适中,中,长,右1,148
/mnt/DataSets/pad/171-P19.png,稀疏,稀疏,小,圆,右2,171
/mnt/DataSets/pad/335-P19.png,稀疏,紧凑,中,长,右2,335
/mnt/DataSets/pad/166-P16.png,紧凑,紧凑,中,圆,左2,166
/mnt/DataSets/pad/239-P17.png,紧凑,稀疏,小,方,竖直,239
/mnt/DataSets/pad/389-P16.png,适中,紧凑,中,不规则,右1,389
/mnt/DataSets/pad/228-P17.png,适中,适中,小,方,右1,228
/mnt/DataSets/pad/299-P19.png,适中,稀疏,大,不规则,右2,299
/mnt/DataSets/pad/247-P16.png,稀疏,适中,大,方,右1,247
/mnt/DataSets/pad/032-P17.png,稀疏,稀疏,大,圆,右1,032
/mnt/DataSets/pad/113-P16.png,紧凑,适中,小,不规则,竖直,113
/mnt/DataSets/pad/055-P17.png,适中,适中,中,圆,左1,055
/mnt/DataSets/pad/012-P16.png,适中,适中,大,圆,右1,012
/mnt/DataSets/pad/293-P17.png,适中,紧凑,中,长,左1,293
/mnt/DataSets/pad/117-P17.png,稀疏,稀疏,中,长,右1,117
/mnt/DataSets/pad/223-P17.png,稀疏,适中,小,长,右1,223
/mnt/DataSets/pad/336-P19.png,适中,适中,大,圆,右1,336
/mnt/DataSets/pad/189-P16.png,稀疏,稀疏,中,长,竖直,189
/mnt/DataSets/pad/201-P17.png,稀疏,适中,小,圆,右1,201
/mnt/DataSets/pad/030-P17.png,稀疏,适中,中,长,右1,030
/mnt/DataSets/pad/359-P17.png,适中,适中,大,方,左1,359
/mnt/DataSets/pad/120-P16.png,稀疏,适中,小,圆,竖直,120
/mnt/DataSets/pad/400-P19.png,适中,稀疏,小,方,右2,400
/mnt/DataSets/pad/157-P16.png,稀疏,适中,小,方,右1,157
/mnt/DataSets/pad/265-P18.png,适中,适中,大,长,左2,265
/mnt/DataSets/pad/246-P17.png,稀疏,稀疏,大,不规则,左1,246
/mnt/DataSets/pad/073-P17.png,适中,紧凑,小,方,右1,073
/mnt/DataSets/pad/323-P17.png,适中,适中,大,圆,右1,323
/mnt/DataSets/pad/325-P16.png,稀疏,紧凑,中,长,左1,325
/mnt/DataSets/pad/244-P19.png,稀疏,稀疏,中,圆,左1,244
/mnt/DataSets/pad/126-P16.png,稀疏,适中,小,圆,竖直,126
/mnt/DataSets/pad/104-P16.png,适中,适中,小,方,右1,104
/mnt/DataSets/pad/313-P18.png,紧凑,紧凑,中,方,竖直,313
/mnt/DataSets/pad/213-P19.png,适中,紧凑,大,圆,竖直,213
/mnt/DataSets/pad/192-P18.png,适中,适中,中,方,左2,192
/mnt/DataSets/pad/278-P17.png,适中,适中,中,方,左1,278
/mnt/DataSets/pad/291-P18.png,稀疏,稀疏,小,圆,右1,291
/mnt/DataSets/pad/083-P16.png,稀疏,稀疏,小,长,右1,083
/mnt/DataSets/pad/287-P19.png,适中,紧凑,大,不规则,竖直,287
/mnt/DataSets/pad/153-P18.png,稀疏,适中,小,长,右2,153
/mnt/DataSets/pad/207-P17.png,适中,紧凑,中,长,右2,207
/mnt/DataSets/pad/327-P17.png,稀疏,稀疏,大,方,右1,327
/mnt/DataSets/pad/204-P17.png,适中,紧凑,中,圆,竖直,204
/mnt/DataSets/pad/246-P18.png,稀疏,稀疏,大,不规则,左1,246
/mnt/DataSets/pad/065-P18.png,适中,紧凑,大,方,竖直,065
/mnt/DataSets/pad/418-P18.png,稀疏,稀疏,小,方,右1,418
/mnt/DataSets/pad/161-P16.png,适中,适中,小,方,右1,161
/mnt/DataSets/pad/284-P18.png,适中,紧凑,中,圆,右2,284
/mnt/DataSets/pad/218-P17.png,稀疏,适中,小,方,左2,218
/mnt/DataSets/pad/417-P19.png,紧凑,紧凑,大,长,右2,417
/mnt/DataSets/pad/047-P19.png,稀疏,稀疏,中,方,右1,047
/mnt/DataSets/pad/056-P19.png,适中,适中,中,方,右1,056
/mnt/DataSets/pad/158-P16.png,适中,紧凑,小,不规则,右1,158
/mnt/DataSets/pad/302-P17.png,适中,紧凑,中,不规则,左2,302
/mnt/DataSets/pad/404-P16.png,稀疏,紧凑,大,方,竖直,404
/mnt/DataSets/pad/070-P17.png,适中,紧凑,大,圆,竖直,070
/mnt/DataSets/pad/159-P17.png,稀疏,稀疏,中,方,右1,159
/mnt/DataSets/pad/399-P17.png,稀疏,紧凑,大,不规则,右1,399
/mnt/DataSets/pad/185-P16.png,紧凑,稀疏,大,圆,右1,185
/mnt/DataSets/pad/075-P18.png,适中,稀疏,小,方,左1,075
/mnt/DataSets/pad/098-P16.png,紧凑,适中,中,方,右1,098
/mnt/DataSets/pad/197-P17.png,稀疏,稀疏,小,长,左2,197
/mnt/DataSets/pad/061-P17.png,适中,稀疏,小,方,右1,061
/mnt/DataSets/pad/134-P19.png,紧凑,紧凑,小,圆,左1,134
/mnt/DataSets/pad/009-P17.png,稀疏,紧凑,小,方,竖直,009
/mnt/DataSets/pad/184-P16.png,稀疏,稀疏,小,长,右2,184
/mnt/DataSets/pad/026-P19.png,适中,紧凑,中,方,左1,026
/mnt/DataSets/pad/199-P18.png,适中,适中,中,方,右1,199
/mnt/DataSets/pad/372-P19.png,稀疏,适中,中,圆,右2,372
/mnt/DataSets/pad/087-P17.png,适中,稀疏,中,方,右1,087
/mnt/DataSets/pad/046-P19.png,稀疏,稀疏,中,方,右1,046
/mnt/DataSets/pad/146-P17.png,适中,适中,中,长,竖直,146
/mnt/DataSets/pad/192-P19.png,适中,适中,中,方,左2,192
/mnt/DataSets/pad/017-P16.png,稀疏,稀疏,小,方,竖直,017
/mnt/DataSets/pad/087-P16.png,适中,稀疏,中,方,右1,087
/mnt/DataSets/pad/010-P19.png,适中,稀疏,大,方,左2,010
/mnt/DataSets/pad/395-P17.png,稀疏,适中,中,方,右2,395
/mnt/DataSets/pad/237-P17.png,稀疏,紧凑,小,圆,左1,237
/mnt/DataSets/pad/391-P19.png,适中,稀疏,大,不规则,右1,391
/mnt/DataSets/pad/148-P17.png,适中,适中,中,长,右1,148
/mnt/DataSets/pad/022-P17.png,稀疏,稀疏,大,方,右1,022
/mnt/DataSets/pad/085-P19.png,稀疏,紧凑,小,方,右1,085
/mnt/DataSets/pad/382-P18.png,适中,适中,中,方,右1,382
/mnt/DataSets/pad/316-P18.png,稀疏,适中,中,不规则,右2,316
/mnt/DataSets/pad/062-P17.png,适中,适中,小,方,右1,062
/mnt/DataSets/pad/181-P16.png,适中,稀疏,中,方,右1,181
/mnt/DataSets/pad/155-P16.png,稀疏,紧凑,中,方,右2,155
/mnt/DataSets/pad/300-P18.png,稀疏,紧凑,小,长,竖直,300
/mnt/DataSets/pad/249-P18.png,稀疏,稀疏,大,方,左2,249
/mnt/DataSets/pad/107-P17.png,稀疏,紧凑,小,方,右1,107
/mnt/DataSets/pad/261-P18.png,稀疏,稀疏,中,圆,右1,261
/mnt/DataSets/pad/014-P16.png,稀疏,紧凑,小,方,竖直,014
/mnt/DataSets/pad/077-P18.png,适中,紧凑,中,方,竖直,077
/mnt/DataSets/pad/216-P18.png,紧凑,紧凑,大,方,竖直,216
/mnt/DataSets/pad/140-P18.png,紧凑,紧凑,大,圆,竖直,140
/mnt/DataSets/pad/235-P19.png,稀疏,紧凑,小,圆,左1,235
/mnt/DataSets/pad/369-P16.png,适中,稀疏,中,圆,竖直,369
/mnt/DataSets/pad/226-P19.png,稀疏,稀疏,大,圆,右1,226
/mnt/DataSets/pad/157-P18.png,稀疏,适中,小,方,右1,157
/mnt/DataSets/pad/293-P16.png,适中,紧凑,中,长,左1,293
/mnt/DataSets/pad/161-P18.png,适中,适中,小,方,右1,161
/mnt/DataSets/pad/141-P17.png,紧凑,紧凑,中,长,右1,141
/mnt/DataSets/pad/298-P18.png,稀疏,稀疏,小,圆,左2,298
/mnt/DataSets/pad/406-P19.png,适中,适中,中,圆,右1,406
/mnt/DataSets/pad/411-P19.png,稀疏,适中,中,不规则,竖直,411
/mnt/DataSets/pad/299-P17.png,适中,稀疏,大,不规则,右2,299
/mnt/DataSets/pad/349-P16.png,适中,适中,中,方,右1,349
/mnt/DataSets/pad/397-P17.png,稀疏,稀疏,大,不规则,左2,397
/mnt/DataSets/pad/154-P18.png,稀疏,紧凑,小,方,右1,154
/mnt/DataSets/pad/258-P17.png,适中,紧凑,大,圆,竖直,258
/mnt/DataSets/pad/396-P16.png,稀疏,紧凑,小,不规则,左1,396
/mnt/DataSets/pad/170-P16.png,紧凑,紧凑,中,不规则,左1,170
/mnt/DataSets/pad/092-P17.png,适中,适中,小,长,右1,092
/mnt/DataSets/pad/195-P17.png,适中,适中,中,长,右1,195
/mnt/DataSets/pad/362-P18.png,紧凑,适中,小,方,右1,362
/mnt/DataSets/pad/386-P17.png,紧凑,紧凑,中,圆,右1,386
/mnt/DataSets/pad/130-P16.png,稀疏,紧凑,中,长,右1,130
/mnt/DataSets/pad/173-P16.png,稀疏,适中,大,长,左1,173
/mnt/DataSets/pad/105-P18.png,稀疏,紧凑,小,长,左1,105
/mnt/DataSets/pad/109-P16.png,紧凑,适中,中,圆,左1,109
/mnt/DataSets/pad/167-P19.png,稀疏,紧凑,小,方,竖直,167
/mnt/DataSets/pad/192-P17.png,适中,适中,中,方,左2,192
/mnt/DataSets/pad/153-P16.png,稀疏,适中,小,长,右2,153
/mnt/DataSets/pad/111-P16.png,适中,稀疏,小,圆,竖直,111
/mnt/DataSets/pad/051-P17.png,稀疏,适中,大,方,右1,051
/mnt/DataSets/pad/013-P17.png,稀疏,稀疏,中,方,右1,013
/mnt/DataSets/pad/099-P18.png,稀疏,适中,小,圆,竖直,099
/mnt/DataSets/pad/172-P17.png,适中,稀疏,大,方,右1,172
/mnt/DataSets/pad/331-P17.png,适中,稀疏,大,长,左1,331
/mnt/DataSets/pad/364-P19.png,稀疏,稀疏,大,圆,右1,364
/mnt/DataSets/pad/405-P16.png,适中,适中,小,方,左1,405
/mnt/DataSets/pad/186-P17.png,适中,适中,中,方,右2,186
/mnt/DataSets/pad/024-P17.png,稀疏,稀疏,小,方,右1,024
/mnt/DataSets/pad/088-P16.png,稀疏,紧凑,中,长,右1,088
/mnt/DataSets/pad/348-P16.png,适中,适中,大,圆,右2,348
/mnt/DataSets/pad/060-P18.png,紧凑,适中,中,方,右2,060
/mnt/DataSets/pad/079-P17.png,稀疏,适中,小,方,竖直,079
/mnt/DataSets/pad/017-P19.png,稀疏,稀疏,小,方,竖直,017
/mnt/DataSets/pad/163-P16.png,紧凑,适中,中,方,左1,163
/mnt/DataSets/pad/276-P17.png,稀疏,稀疏,中,方,右1,276
/mnt/DataSets/pad/384-P19.png,紧凑,紧凑,大,方,左1,384
/mnt/DataSets/pad/367-P17.png,稀疏,紧凑,中,不规则,左1,367
/mnt/DataSets/pad/028-P16.png,紧凑,紧凑,中,方,竖直,028
/mnt/DataSets/pad/379-P19.png,稀疏,紧凑,大,方,右1,379
/mnt/DataSets/pad/404-P18.png,稀疏,紧凑,大,方,竖直,404
/mnt/DataSets/pad/256-P18.png,稀疏,适中,大,长,右2,256
/mnt/DataSets/pad/310-P16.png,紧凑,紧凑,小,不规则,右1,310
/mnt/DataSets/pad/349-P17.png,适中,适中,中,方,右1,349
/mnt/DataSets/pad/242-P19.png,稀疏,适中,小,圆,竖直,242
/mnt/DataSets/pad/047-P17.png,稀疏,稀疏,中,方,右1,047
/mnt/DataSets/pad/410-P19.png,稀疏,适中,大,长,左1,410
/mnt/DataSets/pad/019-P17.png,稀疏,紧凑,小,圆,竖直,019
/mnt/DataSets/pad/292-P17.png,稀疏,稀疏,小,方,右1,292
/mnt/DataSets/pad/256-P16.png,稀疏,适中,大,长,右2,256
/mnt/DataSets/pad/267-P18.png,稀疏,紧凑,小,方,右1,267
/mnt/DataSets/pad/347-P19.png,稀疏,适中,中,圆,竖直,347
/mnt/DataSets/pad/381-P18.png,稀疏,紧凑,小,不规则,竖直,381
/mnt/DataSets/pad/404-P17.png,稀疏,紧凑,大,方,竖直,404
/mnt/DataSets/pad/046-P16.png,稀疏,稀疏,中,方,右1,046
/mnt/DataSets/pad/196-P16.png,稀疏,适中,大,方,右1,196
/mnt/DataSets/pad/170-P19.png,紧凑,紧凑,中,不规则,左1,170
/mnt/DataSets/pad/291-P17.png,稀疏,稀疏,小,圆,右1,291
/mnt/DataSets/pad/097-P16.png,适中,适中,小,方,竖直,097
/mnt/DataSets/pad/224-P19.png,稀疏,稀疏,小,不规则,左2,224
/mnt/DataSets/pad/054-P19.png,稀疏,适中,小,方,竖直,054
/mnt/DataSets/pad/313-P19.png,紧凑,紧凑,中,方,竖直,313
/mnt/DataSets/pad/071-P19.png,稀疏,适中,中,方,左2,071
/mnt/DataSets/pad/296-P18.png,紧凑,适中,大,圆,左1,296
/mnt/DataSets/pad/078-P19.png,适中,紧凑,中,长,左1,078
/mnt/DataSets/pad/311-P19.png,稀疏,稀疏,小,方,右1,311
/mnt/DataSets/pad/204-P16.png,适中,紧凑,中,圆,竖直,204
/mnt/DataSets/pad/030-P16.png,稀疏,适中,中,长,右1,030
/mnt/DataSets/pad/209-P17.png,适中,紧凑,小,圆,竖直,209
/mnt/DataSets/pad/075-P17.png,适中,稀疏,小,方,左1,075
/mnt/DataSets/pad/055-P16.png,适中,适中,中,圆,左1,055
/mnt/DataSets/pad/054-P18.png,稀疏,适中,小,方,竖直,054
/mnt/DataSets/pad/406-P16.png,适中,适中,中,圆,右1,406
/mnt/DataSets/pad/403-P19.png,稀疏,稀疏,中,不规则,右2,403
/mnt/DataSets/pad/207-P18.png,适中,紧凑,中,长,右2,207
/mnt/DataSets/pad/023-P18.png,稀疏,适中,小,圆,左1,023
/mnt/DataSets/pad/218-P16.png,稀疏,适中,小,方,左2,218
/mnt/DataSets/pad/225-P18.png,稀疏,适中,中,圆,竖直,225
/mnt/DataSets/pad/243-P19.png,适中,适中,中,圆,左1,243
/mnt/DataSets/pad/031-P18.png,稀疏,紧凑,小,圆,右1,031
/mnt/DataSets/pad/073-P19.png,适中,紧凑,小,方,右1,073
/mnt/DataSets/pad/246-P16.png,稀疏,稀疏,大,不规则,左1,246
/mnt/DataSets/pad/216-P16.png,紧凑,紧凑,大,方,竖直,216
/mnt/DataSets/pad/360-P17.png,适中,紧凑,大,长,竖直,360
/mnt/DataSets/pad/408-P16.png,适中,适中,中,方,左2,408
/mnt/DataSets/pad/148-P16.png,适中,适中,中,长,右1,148
/mnt/DataSets/pad/002-P16.png,稀疏,稀疏,小,方,右2,002
/mnt/DataSets/pad/271-P17.png,适中,适中,大,方,左1,271
/mnt/DataSets/pad/095-P18.png,适中,紧凑,小,方,右1,095
/mnt/DataSets/pad/387-P19.png,适中,紧凑,中,不规则,竖直,387
/mnt/DataSets/pad/086-P17.png,稀疏,适中,大,圆,右1,086
/mnt/DataSets/pad/274-P16.png,紧凑,紧凑,中,方,竖直,274
/mnt/DataSets/pad/353-P17.png,稀疏,稀疏,大,圆,右1,353
/mnt/DataSets/pad/076-P17.png,适中,紧凑,小,圆,右2,076
/mnt/DataSets/pad/044-P17.png,稀疏,紧凑,中,方,竖直,044
/mnt/DataSets/pad/053-P17.png,适中,适中,中,方,左1,053
/mnt/DataSets/pad/221-P16.png,适中,适中,小,长,左1,221
/mnt/DataSets/pad/090-P17.png,稀疏,适中,小,圆,竖直,090
/mnt/DataSets/pad/194-P19.png,适中,适中,中,方,左2,194
/mnt/DataSets/pad/355-P19.png,适中,适中,中,不规则,右1,355
/mnt/DataSets/pad/385-P19.png,稀疏,紧凑,小,长,竖直,385
/mnt/DataSets/pad/056-P18.png,适中,适中,中,方,右1,056
/mnt/DataSets/pad/116-P16.png,稀疏,适中,小,圆,竖直,116
/mnt/DataSets/pad/191-P16.png,适中,稀疏,中,长,右2,191
/mnt/DataSets/pad/273-P19.png,稀疏,紧凑,中,长,右1,273
/mnt/DataSets/pad/182-P16.png,适中,稀疏,中,方,竖直,182
/mnt/DataSets/pad/393-P18.png,稀疏,稀疏,小,不规则,左1,393
/mnt/DataSets/pad/132-P18.png,稀疏,稀疏,小,长,右1,132
/mnt/DataSets/pad/303-P18.png,稀疏,适中,小,圆,左1,303
/mnt/DataSets/pad/039-P19.png,稀疏,稀疏,大,圆,右2,039
/mnt/DataSets/pad/361-P19.png,稀疏,紧凑,中,圆,右1,361
/mnt/DataSets/pad/397-P18.png,稀疏,稀疏,大,不规则,左2,397
/mnt/DataSets/pad/335-P16.png,稀疏,紧凑,中,长,右2,335
/mnt/DataSets/pad/082-P16.png,稀疏,适中,中,方,右1,082
/mnt/DataSets/pad/103-P16.png,稀疏,稀疏,小,圆,右1,103
/mnt/DataSets/pad/073-P18.png,适中,紧凑,小,方,右1,073
/mnt/DataSets/pad/181-P17.png,适中,稀疏,中,方,右1,181
/mnt/DataSets/pad/111-P17.png,适中,稀疏,小,圆,竖直,111
/mnt/DataSets/pad/281-P16.png,稀疏,适中,小,长,左1,281
/mnt/DataSets/pad/285-P18.png,稀疏,稀疏,中,圆,右1,285
/mnt/DataSets/pad/161-P19.png,适中,适中,小,方,右1,161
/mnt/DataSets/pad/064-P19.png,稀疏,紧凑,小,长,右1,064
/mnt/DataSets/pad/279-P18.png,适中,适中,中,长,竖直,279
/mnt/DataSets/pad/419-P18.png,稀疏,紧凑,中,长,右1,419
/mnt/DataSets/pad/212-P16.png,适中,适中,中,方,右2,212
/mnt/DataSets/pad/339-P18.png,适中,紧凑,中,长,左2,339
/mnt/DataSets/pad/340-P18.png,稀疏,紧凑,小,方,右1,340
/mnt/DataSets/pad/094-P18.png,适中,稀疏,大,方,右1,094
/mnt/DataSets/pad/322-P17.png,适中,适中,中,方,左1,322
/mnt/DataSets/pad/149-P18.png,稀疏,紧凑,小,长,左2,149
/mnt/DataSets/pad/290-P17.png,稀疏,适中,小,方,竖直,290
/mnt/DataSets/pad/015-P18.png,稀疏,稀疏,中,圆,竖直,015
/mnt/DataSets/pad/144-P19.png,紧凑,适中,大,方,竖直,144
/mnt/DataSets/pad/308-P17.png,稀疏,适中,大,长,左2,308
/mnt/DataSets/pad/286-P17.png,紧凑,紧凑,中,长,右1,286
/mnt/DataSets/pad/212-P18.png,适中,适中,中,方,右2,212
/mnt/DataSets/pad/019-P16.png,稀疏,紧凑,小,圆,竖直,019
/mnt/DataSets/pad/038-P17.png,适中,紧凑,中,长,右1,038
/mnt/DataSets/pad/306-P18.png,稀疏,稀疏,中,圆,右1,306
/mnt/DataSets/pad/359-P19.png,适中,适中,大,方,左1,359
/mnt/DataSets/pad/286-P18.png,紧凑,紧凑,中,长,右1,286
/mnt/DataSets/pad/342-P16.png,紧凑,紧凑,中,不规则,右1,342
/mnt/DataSets/pad/130-P17.png,稀疏,紧凑,中,长,右1,130
/mnt/DataSets/pad/380-P16.png,稀疏,适中,中,长,右1,380
/mnt/DataSets/pad/014-P17.png,稀疏,紧凑,小,方,竖直,014
/mnt/DataSets/pad/050-P19.png,稀疏,稀疏,中,圆,左1,050
/mnt/DataSets/pad/118-P17.png,适中,紧凑,小,方,右1,118
/mnt/DataSets/pad/113-P17.png,紧凑,适中,小,不规则,竖直,113
/mnt/DataSets/pad/205-P17.png,紧凑,紧凑,中,圆,右1,205
/mnt/DataSets/pad/273-P18.png,稀疏,紧凑,中,长,右1,273
/mnt/DataSets/pad/177-P18.png,稀疏,稀疏,中,圆,左2,177
/mnt/DataSets/pad/107-P18.png,稀疏,紧凑,小,方,右1,107
/mnt/DataSets/pad/288-P17.png,稀疏,紧凑,小,长,右1,288
/mnt/DataSets/pad/332-P18.png,稀疏,紧凑,小,方,右1,332
/mnt/DataSets/pad/306-P16.png,稀疏,稀疏,中,圆,右1,306
/mnt/DataSets/pad/013-P16.png,稀疏,稀疏,中,方,右1,013
/mnt/DataSets/pad/282-P17.png,稀疏,紧凑,中,圆,右1,282
/mnt/DataSets/pad/174-P16.png,适中,适中,大,方,右2,174
/mnt/DataSets/pad/389-P18.png,适中,紧凑,中,不规则,右1,389
/mnt/DataSets/pad/392-P19.png,稀疏,适中,中,圆,右1,392
/mnt/DataSets/pad/189-P18.png,稀疏,稀疏,中,长,竖直,189
/mnt/DataSets/pad/177-P16.png,稀疏,稀疏,中,圆,左2,177
/mnt/DataSets/pad/384-P18.png,紧凑,紧凑,大,方,左1,384
/mnt/DataSets/pad/206-P18.png,适中,稀疏,大,圆,右2,206
/mnt/DataSets/pad/136-P19.png,稀疏,稀疏,中,方,竖直,136
/mnt/DataSets/pad/362-P19.png,紧凑,适中,小,方,右1,362
/mnt/DataSets/pad/162-P19.png,稀疏,适中,中,圆,右1,162
/mnt/DataSets/pad/390-P17.png,稀疏,紧凑,中,圆,竖直,390
/mnt/DataSets/pad/217-P17.png,稀疏,稀疏,大,圆,右2,217
/mnt/DataSets/pad/118-P18.png,适中,紧凑,小,方,右1,118
/mnt/DataSets/pad/081-P16.png,适中,适中,大,圆,左1,081
/mnt/DataSets/pad/353-P18.png,稀疏,稀疏,大,圆,右1,353
/mnt/DataSets/pad/053-P18.png,适中,适中,中,方,左1,053
/mnt/DataSets/pad/396-P17.png,稀疏,紧凑,小,不规则,左1,396
/mnt/DataSets/pad/207-P16.png,适中,紧凑,中,长,右2,207
/mnt/DataSets/pad/387-P16.png,适中,紧凑,中,不规则,竖直,387
/mnt/DataSets/pad/106-P17.png,稀疏,适中,大,方,竖直,106
/mnt/DataSets/pad/020-P17.png,适中,适中,大,方,左1,020
/mnt/DataSets/pad/203-P19.png,紧凑,稀疏,大,不规则,右1,203
/mnt/DataSets/pad/377-P16.png,稀疏,紧凑,小,长,竖直,377
/mnt/DataSets/pad/049-P19.png,稀疏,稀疏,中,方,左2,049
/mnt/DataSets/pad/106-P16.png,稀疏,适中,大,方,竖直,106
/mnt/DataSets/pad/210-P18.png,适中,紧凑,中,圆,右1,210
/mnt/DataSets/pad/172-P18.png,适中,稀疏,大,方,右1,172
/mnt/DataSets/pad/288-P18.png,稀疏,紧凑,小,长,右1,288
/mnt/DataSets/pad/100-P19.png,稀疏,紧凑,中,长,右1,100
/mnt/DataSets/pad/167-P17.png,稀疏,紧凑,小,方,竖直,167
/mnt/DataSets/pad/320-P18.png,稀疏,适中,小,圆,右1,320
/mnt/DataSets/pad/228-P16.png,适中,适中,小,方,右1,228
/mnt/DataSets/pad/348-P18.png,适中,适中,大,圆,右2,348
/mnt/DataSets/pad/308-P19.png,稀疏,适中,大,长,左2,308
/mnt/DataSets/pad/211-P16.png,稀疏,适中,小,圆,右1,211
/mnt/DataSets/pad/208-P16.png,适中,紧凑,小,不规则,竖直,208
/mnt/DataSets/pad/149-P19.png,稀疏,紧凑,小,长,左2,149
/mnt/DataSets/pad/016-P16.png,稀疏,稀疏,小,圆,竖直,016
/mnt/DataSets/pad/319-P19.png,稀疏,紧凑,小,圆,竖直,319
/mnt/DataSets/pad/361-P18.png,稀疏,紧凑,中,圆,右1,361
/mnt/DataSets/pad/339-P19.png,适中,紧凑,中,长,左2,339
/mnt/DataSets/pad/110-P18.png,适中,稀疏,中,方,竖直,110
/mnt/DataSets/pad/277-P18.png,适中,适中,中,不规则,右1,277
/mnt/DataSets/pad/365-P19.png,稀疏,稀疏,中,圆,右1,365
/mnt/DataSets/pad/264-P16.png,稀疏,适中,中,长,竖直,264
/mnt/DataSets/pad/279-P17.png,适中,适中,中,长,竖直,279
/mnt/DataSets/pad/018-P19.png,适中,紧凑,中,方,左1,018
/mnt/DataSets/pad/277-P19.png,适中,适中,中,不规则,右1,277
/mnt/DataSets/pad/028-P18.png,紧凑,紧凑,中,方,竖直,028
/mnt/DataSets/pad/366-P17.png,适中,适中,中,圆,左1,366
/mnt/DataSets/pad/086-P16.png,稀疏,适中,大,圆,右1,086
/mnt/DataSets/pad/253-P17.png,稀疏,适中,中,圆,右1,253
/mnt/DataSets/pad/222-P16.png,稀疏,紧凑,中,圆,竖直,222
/mnt/DataSets/pad/237-P19.png,稀疏,紧凑,小,圆,左1,237
/mnt/DataSets/pad/063-P17.png,稀疏,稀疏,中,方,右2,063
/mnt/DataSets/pad/418-P19.png,稀疏,稀疏,小,方,右1,418
/mnt/DataSets/pad/193-P18.png,稀疏,稀疏,中,圆,右2,193
/mnt/DataSets/pad/004-P17.png,稀疏,紧凑,中,方,右1,004
/mnt/DataSets/pad/235-P18.png,稀疏,紧凑,小,圆,左1,235
/mnt/DataSets/pad/158-P19.png,适中,紧凑,小,不规则,右1,158
/mnt/DataSets/pad/144-P17.png,紧凑,适中,大,方,竖直,144
/mnt/DataSets/pad/142-P19.png,适中,适中,小,长,右1,142
/mnt/DataSets/pad/211-P19.png,稀疏,适中,小,圆,右1,211
/mnt/DataSets/pad/296-P19.png,紧凑,适中,大,圆,左1,296
/mnt/DataSets/pad/150-P17.png,适中,紧凑,小,长,竖直,150
/mnt/DataSets/pad/029-P16.png,稀疏,适中,中,圆,竖直,029
/mnt/DataSets/pad/091-P18.png,稀疏,适中,中,方,右1,091
/mnt/DataSets/pad/006-P18.png,稀疏,稀疏,中,方,左1,006
/mnt/DataSets/pad/380-P19.png,稀疏,适中,中,长,右1,380
/mnt/DataSets/pad/081-P19.png,适中,适中,大,圆,左1,081
/mnt/DataSets/pad/275-P17.png,稀疏,稀疏,中,方,右1,275
/mnt/DataSets/pad/176-P19.png,稀疏,适中,小,方,右1,176
/mnt/DataSets/pad/255-P17.png,适中,适中,小,圆,竖直,255
/mnt/DataSets/pad/337-P16.png,适中,适中,大,圆,竖直,337
/mnt/DataSets/pad/083-P19.png,稀疏,稀疏,小,长,右1,083
/mnt/DataSets/pad/351-P19.png,稀疏,稀疏,小,方,竖直,351
/mnt/DataSets/pad/369-P19.png,适中,稀疏,中,圆,竖直,369
/mnt/DataSets/pad/151-P18.png,稀疏,紧凑,小,长,右1,151
/mnt/DataSets/pad/193-P17.png,稀疏,稀疏,中,圆,右2,193
/mnt/DataSets/pad/260-P19.png,适中,紧凑,大,不规则,右1,260
/mnt/DataSets/pad/163-P18.png,紧凑,适中,中,方,左1,163
/mnt/DataSets/pad/218-P18.png,稀疏,适中,小,方,左2,218
/mnt/DataSets/pad/080-P18.png,紧凑,紧凑,大,方,竖直,080
/mnt/DataSets/pad/017-P18.png,稀疏,稀疏,小,方,竖直,017
/mnt/DataSets/pad/338-P16.png,适中,稀疏,中,方,右1,338
/mnt/DataSets/pad/379-P16.png,稀疏,紧凑,大,方,右1,379
/mnt/DataSets/pad/339-P16.png,适中,紧凑,中,长,左2,339
/mnt/DataSets/pad/118-P19.png,适中,紧凑,小,方,右1,118
/mnt/DataSets/pad/006-P17.png,稀疏,稀疏,中,方,左1,006
/mnt/DataSets/pad/208-P17.png,适中,紧凑,小,不规则,竖直,208
/mnt/DataSets/pad/149-P16.png,稀疏,紧凑,小,长,左2,149
/mnt/DataSets/pad/304-P16.png,紧凑,紧凑,大,长,左1,304
/mnt/DataSets/pad/020-P18.png,适中,适中,大,方,左1,020
/mnt/DataSets/pad/319-P18.png,稀疏,紧凑,小,圆,竖直,319
/mnt/DataSets/pad/400-P16.png,适中,稀疏,小,方,右2,400
/mnt/DataSets/pad/420-P18.png,稀疏,稀疏,中,不规则,右2,420
/mnt/DataSets/pad/345-P18.png,适中,适中,中,长,右1,345
/mnt/DataSets/pad/007-P19.png,稀疏,稀疏,中,方,右1,007
/mnt/DataSets/pad/241-P19.png,适中,适中,中,长,右1,241
/mnt/DataSets/pad/308-P16.png,稀疏,适中,大,长,左2,308
/mnt/DataSets/pad/256-P17.png,稀疏,适中,大,长,右2,256
/mnt/DataSets/pad/154-P16.png,稀疏,紧凑,小,方,右1,154
/mnt/DataSets/pad/094-P19.png,适中,稀疏,大,方,右1,094
/mnt/DataSets/pad/230-P16.png,适中,适中,中,方,右1,230
/mnt/DataSets/pad/266-P17.png,适中,适中,大,不规则,右1,266
/mnt/DataSets/pad/284-P16.png,适中,紧凑,中,圆,右2,284
/mnt/DataSets/pad/231-P19.png,适中,适中,大,长,右1,231
/mnt/DataSets/pad/033-P18.png,稀疏,紧凑,小,方,竖直,033
/mnt/DataSets/pad/128-P18.png,紧凑,适中,大,圆,右1,128
/mnt/DataSets/pad/276-P18.png,稀疏,稀疏,中,方,右1,276
/mnt/DataSets/pad/147-P17.png,稀疏,稀疏,小,长,右2,147
/mnt/DataSets/pad/012-P18.png,适中,适中,大,圆,右1,012
/mnt/DataSets/pad/174-P18.png,适中,适中,大,方,右2,174
/mnt/DataSets/pad/418-P17.png,稀疏,稀疏,小,方,右1,418
/mnt/DataSets/pad/265-P16.png,适中,适中,大,长,左2,265
/mnt/DataSets/pad/376-P17.png,稀疏,紧凑,大,不规则,左2,376
/mnt/DataSets/pad/301-P19.png,紧凑,紧凑,中,圆,左1,301
/mnt/DataSets/pad/216-P17.png,紧凑,紧凑,大,方,竖直,216
/mnt/DataSets/pad/282-P19.png,稀疏,紧凑,中,圆,右1,282
/mnt/DataSets/pad/212-P19.png,适中,适中,中,方,右2,212
/mnt/DataSets/pad/327-P16.png,稀疏,稀疏,大,方,右1,327
/mnt/DataSets/pad/392-P17.png,稀疏,适中,中,圆,右1,392
/mnt/DataSets/pad/414-P16.png,适中,适中,中,方,右2,414
/mnt/DataSets/pad/278-P19.png,适中,适中,中,方,左1,278
/mnt/DataSets/pad/058-P19.png,紧凑,紧凑,中,方,竖直,058
/mnt/DataSets/pad/404-P19.png,稀疏,紧凑,大,方,竖直,404
/mnt/DataSets/pad/002-P17.png,稀疏,稀疏,小,方,右2,002
/mnt/DataSets/pad/285-P19.png,稀疏,稀疏,中,圆,右1,285
/mnt/DataSets/pad/057-P18.png,适中,适中,大,圆,右1,057
/mnt/DataSets/pad/147-P16.png,稀疏,稀疏,小,长,右2,147
/mnt/DataSets/pad/415-P17.png,适中,紧凑,小,不规则,竖直,415
/mnt/DataSets/pad/053-P16.png,适中,适中,中,方,左1,053
/mnt/DataSets/pad/027-P18.png,稀疏,稀疏,大,方,竖直,027
/mnt/DataSets/pad/134-P16.png,紧凑,紧凑,小,圆,左1,134
/mnt/DataSets/pad/117-P18.png,稀疏,稀疏,中,长,右1,117
/mnt/DataSets/pad/137-P19.png,适中,紧凑,大,圆,竖直,137
/mnt/DataSets/pad/161-P17.png,适中,适中,小,方,右1,161
/mnt/DataSets/pad/347-P18.png,稀疏,适中,中,圆,竖直,347
/mnt/DataSets/pad/026-P16.png,适中,紧凑,中,方,左1,026
/mnt/DataSets/pad/196-P18.png,稀疏,适中,大,方,右1,196
/mnt/DataSets/pad/114-P18.png,紧凑,适中,中,圆,右2,114
/mnt/DataSets/pad/347-P16.png,稀疏,适中,中,圆,竖直,347
/mnt/DataSets/pad/350-P19.png,紧凑,紧凑,中,圆,竖直,350
/mnt/DataSets/pad/154-P17.png,稀疏,紧凑,小,方,右1,154
/mnt/DataSets/pad/349-P19.png,适中,适中,中,方,右1,349
/mnt/DataSets/pad/101-P19.png,紧凑,适中,中,圆,右2,101
/mnt/DataSets/pad/150-P16.png,适中,紧凑,小,长,竖直,150
/mnt/DataSets/pad/091-P19.png,稀疏,适中,中,方,右1,091
/mnt/DataSets/pad/366-P19.png,适中,适中,中,圆,左1,366
/mnt/DataSets/pad/357-P18.png,稀疏,稀疏,小,长,右2,357
/mnt/DataSets/pad/109-P19.png,紧凑,适中,中,圆,左1,109
/mnt/DataSets/pad/084-P18.png,稀疏,稀疏,中,方,右1,084
/mnt/DataSets/pad/323-P16.png,适中,适中,大,圆,右1,323
/mnt/DataSets/pad/277-P16.png,适中,适中,中,不规则,右1,277
/mnt/DataSets/pad/244-P17.png,稀疏,稀疏,中,圆,左1,244
/mnt/DataSets/pad/027-P16.png,稀疏,稀疏,大,方,竖直,027
/mnt/DataSets/pad/205-P19.png,紧凑,紧凑,中,圆,右1,205
/mnt/DataSets/pad/270-P18.png,稀疏,适中,小,圆,左2,270
/mnt/DataSets/pad/420-P16.png,稀疏,稀疏,中,不规则,右2,420
/mnt/DataSets/pad/324-P18.png,稀疏,紧凑,中,不规则,竖直,324
/mnt/DataSets/pad/362-P16.png,紧凑,适中,小,方,右1,362
/mnt/DataSets/pad/200-P16.png,稀疏,适中,中,圆,左1,200
/mnt/DataSets/pad/108-P16.png,稀疏,稀疏,小,方,右1,108
/mnt/DataSets/pad/236-P18.png,稀疏,适中,大,圆,右2,236
/mnt/DataSets/pad/029-P18.png,稀疏,适中,中,圆,竖直,029
/mnt/DataSets/pad/385-P17.png,稀疏,紧凑,小,长,竖直,385
/mnt/DataSets/pad/247-P19.png,稀疏,适中,大,方,右1,247
/mnt/DataSets/pad/110-P16.png,适中,稀疏,中,方,竖直,110
/mnt/DataSets/pad/201-P16.png,稀疏,适中,小,圆,右1,201
/mnt/DataSets/pad/125-P19.png,稀疏,稀疏,小,长,右2,125
/mnt/DataSets/pad/331-P16.png,适中,稀疏,大,长,左1,331
/mnt/DataSets/pad/201-P19.png,稀疏,适中,小,圆,右1,201
/mnt/DataSets/pad/071-P18.png,稀疏,适中,中,方,左2,071
/mnt/DataSets/pad/219-P17.png,稀疏,稀疏,中,圆,左2,219
/mnt/DataSets/pad/305-P16.png,紧凑,适中,中,方,右2,305
/mnt/DataSets/pad/153-P19.png,稀疏,适中,小,长,右2,153
/mnt/DataSets/pad/209-P19.png,适中,紧凑,小,圆,竖直,209
/mnt/DataSets/pad/151-P17.png,稀疏,紧凑,小,长,右1,151
/mnt/DataSets/pad/198-P18.png,适中,稀疏,中,方,右1,198
/mnt/DataSets/pad/328-P18.png,适中,适中,大,圆,竖直,328
/mnt/DataSets/pad/231-P17.png,适中,适中,大,长,右1,231
/mnt/DataSets/pad/089-P18.png,紧凑,适中,小,方,右1,089
/mnt/DataSets/pad/417-P16.png,紧凑,紧凑,大,长,右2,417
/mnt/DataSets/pad/131-P19.png,稀疏,适中,小,方,竖直,131
/mnt/DataSets/pad/326-P18.png,稀疏,紧凑,小,不规则,右1,326
/mnt/DataSets/pad/232-P19.png,紧凑,适中,大,圆,左2,232
/mnt/DataSets/pad/097-P19.png,适中,适中,小,方,竖直,097
/mnt/DataSets/pad/040-P16.png,稀疏,适中,中,方,竖直,040
/mnt/DataSets/pad/366-P16.png,适中,适中,中,圆,左1,366
/mnt/DataSets/pad/225-P19.png,稀疏,适中,中,圆,竖直,225
/mnt/DataSets/pad/401-P17.png,适中,紧凑,中,不规则,竖直,401
/mnt/DataSets/pad/132-P19.png,稀疏,稀疏,小,长,右1,132
/mnt/DataSets/pad/116-P17.png,稀疏,适中,小,圆,竖直,116
/mnt/DataSets/pad/175-P18.png,紧凑,稀疏,中,圆,右2,175
/mnt/DataSets/pad/191-P18.png,适中,稀疏,中,长,右2,191
/mnt/DataSets/pad/291-P19.png,稀疏,稀疏,小,圆,右1,291
/mnt/DataSets/pad/180-P17.png,紧凑,稀疏,大,圆,右1,180
/mnt/DataSets/pad/099-P17.png,稀疏,适中,小,圆,竖直,099
/mnt/DataSets/pad/152-P17.png,稀疏,稀疏,小,方,竖直,152
/mnt/DataSets/pad/145-P16.png,适中,稀疏,大,方,右2,145
/mnt/DataSets/pad/227-P16.png,稀疏,稀疏,小,方,左2,227
/mnt/DataSets/pad/389-P19.png,适中,紧凑,中,不规则,右1,389
/mnt/DataSets/pad/214-P17.png,紧凑,适中,中,圆,右1,214
/mnt/DataSets/pad/260-P18.png,适中,紧凑,大,不规则,右1,260
/mnt/DataSets/pad/211-P17.png,稀疏,适中,小,圆,右1,211
/mnt/DataSets/pad/370-P17.png,稀疏,稀疏,大,圆,竖直,370
/mnt/DataSets/pad/241-P17.png,适中,适中,中,长,右1,241
/mnt/DataSets/pad/348-P17.png,适中,适中,大,圆,右2,348
/mnt/DataSets/pad/018-P16.png,适中,紧凑,中,方,左1,018
/mnt/DataSets/pad/042-P16.png,稀疏,适中,小,方,右1,042
/mnt/DataSets/pad/238-P19.png,稀疏,适中,小,不规则,左1,238
/mnt/DataSets/pad/147-P19.png,稀疏,稀疏,小,长,右2,147
/mnt/DataSets/pad/318-P18.png,稀疏,适中,大,圆,竖直,318
/mnt/DataSets/pad/059-P18.png,稀疏,适中,小,圆,左2,059
/mnt/DataSets/pad/285-P16.png,稀疏,稀疏,中,圆,右1,285
/mnt/DataSets/pad/162-P17.png,稀疏,适中,中,圆,右1,162
/mnt/DataSets/pad/229-P17.png,适中,紧凑,中,不规则,竖直,229
/mnt/DataSets/pad/185-P18.png,紧凑,稀疏,大,圆,右1,185
/mnt/DataSets/pad/067-P16.png,适中,适中,中,方,左1,067
/mnt/DataSets/pad/145-P18.png,适中,稀疏,大,方,右2,145
/mnt/DataSets/pad/061-P18.png,适中,稀疏,小,方,右1,061
/mnt/DataSets/pad/300-P19.png,稀疏,紧凑,小,长,竖直,300
/mnt/DataSets/pad/210-P17.png,适中,紧凑,中,圆,右1,210
/mnt/DataSets/pad/287-P17.png,适中,紧凑,大,不规则,竖直,287
/mnt/DataSets/pad/069-P19.png,稀疏,稀疏,大,长,右2,069
/mnt/DataSets/pad/332-P16.png,稀疏,紧凑,小,方,右1,332
